"","left","top","right","bottom","grid_id","xcoord","ycoord","temp"
"1",-70.86,42.5,-70.74,42.4,13,-70.79833,42.48115,6.23499986063689
"2",-70.86,42.5,-70.74,42.4,13,-70.79833,42.48115,4.77499989327043
"3",-70.86,42.4,-70.74,42.3,14,-70.79833,42.38115,5.12999988533556
"4",-70.86,42.4,-70.74,42.3,14,-70.79833,42.38115,4.65999989584088
"5",-70.86,42.3,-70.74,42.2,15,-70.79833,42.28115,4.20999990589917
"6",-70.86,42.3,-70.74,42.2,15,-70.79833,42.28115,4.01499991025776
"7",-70.77,43,-70.65,42.9,28,-70.71173,42.93115,NA
"8",-70.77,42.9,-70.65,42.8,29,-70.71173,42.83115,NA
"9",-70.77,42.8,-70.65,42.7,30,-70.71173,42.73115,NA
"10",-70.77,42.6,-70.65,42.5,32,-70.71173,42.53115,NA
"11",-70.77,42.5,-70.65,42.4,33,-70.71173,42.43115,NA
"12",-70.77,42.4,-70.65,42.3,34,-70.71173,42.33115,NA
"13",-70.77,42.3,-70.65,42.2,35,-70.71173,42.23115,NA
"14",-70.68,43.1,-70.57,43,47,-70.62513,43.08115,NA
"15",-70.68,43.1,-70.57,43,47,-70.62513,43.08115,NA
"16",-70.68,43,-70.57,42.9,48,-70.62513,42.98115,6.39499985706061
"17",-70.68,43,-70.57,42.9,48,-70.62513,42.98115,4.18499990645796
"18",-70.68,42.9,-70.57,42.8,49,-70.62513,42.88115,6.7199998497963
"19",-70.68,42.9,-70.57,42.8,49,-70.62513,42.88115,4.54999989829957
"20",-70.68,42.8,-70.57,42.7,50,-70.62513,42.78115,6.61499985214323
"21",-70.68,42.8,-70.57,42.7,50,-70.62513,42.78115,4.35999990254641
"22",-70.68,42.6,-70.57,42.5,52,-70.62513,42.58115,NA
"23",-70.68,42.6,-70.57,42.5,52,-70.62513,42.58115,5.63499987404794
"24",-70.68,42.5,-70.57,42.4,53,-70.62513,42.48115,6.85999984666705
"25",-70.68,42.5,-70.57,42.4,53,-70.62513,42.48115,5.09499988611788
"26",-70.68,42.4,-70.57,42.3,54,-70.62513,42.38115,6.63499985169619
"27",-70.68,42.4,-70.57,42.3,54,-70.62513,42.38115,5.12999988533556
"28",-70.68,42.3,-70.57,42.2,55,-70.62513,42.28115,6.15999986231327
"29",-70.68,42.3,-70.57,42.2,55,-70.62513,42.28115,4.92999988980591
"30",-70.68,42.2,-70.57,42.1,56,-70.62513,42.18115,4.75999989360571
"31",-70.68,42.2,-70.57,42.1,56,-70.62513,42.18115,4.16999990679324
"32",-70.68,42.1,-70.57,42,57,-70.62513,42.08115,4.61499989684671
"33",-70.68,42.1,-70.57,42,57,-70.62513,42.08115,3.90499991271645
"34",-70.6,43.3,-70.48,43.2,65,-70.53852,43.23115,5.04499988723546
"35",-70.6,43.3,-70.48,43.2,65,-70.53852,43.23115,4.26999990455806
"36",-70.6,43.2,-70.48,43.1,66,-70.53852,43.13115,5.16999988444149
"37",-70.6,43.2,-70.48,43.1,66,-70.53852,43.13115,4.36499990243465
"38",-70.6,43.1,-70.48,43,67,-70.53852,43.03115,5.15499988477677
"39",-70.6,43.1,-70.48,43,67,-70.53852,43.03115,3.9349999120459
"40",-70.6,43,-70.48,42.9,68,-70.53852,42.93115,6.49499985482544
"41",-70.6,43,-70.48,42.9,68,-70.53852,42.93115,4.47499989997596
"42",-70.6,42.9,-70.48,42.8,69,-70.53852,42.83115,6.94499984476715
"43",-70.6,42.9,-70.48,42.8,69,-70.53852,42.83115,5.0249998876825
"44",-70.6,42.8,-70.48,42.7,70,-70.53852,42.73115,7.02499984297901
"45",-70.6,42.8,-70.48,42.7,70,-70.53852,42.73115,5.1099998857826
"46",-70.6,42.7,-70.48,42.6,71,-70.53852,42.63115,6.86499984655529
"47",-70.6,42.7,-70.48,42.6,71,-70.53852,42.63115,4.70499989483505
"48",-70.6,42.6,-70.48,42.5,72,-70.53852,42.53115,6.35999985784292
"49",-70.6,42.6,-70.48,42.5,72,-70.53852,42.53115,4.4799998998642
"50",-70.6,42.5,-70.48,42.4,73,-70.53852,42.43115,6.82499984744936
"51",-70.6,42.5,-70.48,42.4,73,-70.53852,42.43115,5.15999988466501
"52",-70.6,42.4,-70.48,42.3,74,-70.53852,42.33115,6.78999984823167
"53",-70.6,42.4,-70.48,42.3,74,-70.53852,42.33115,5.17999988421798
"54",-70.6,42.3,-70.48,42.2,75,-70.53852,42.23115,6.34999985806644
"55",-70.6,42.3,-70.48,42.2,75,-70.53852,42.23115,5.14499988500029
"56",-70.6,42.2,-70.48,42.1,76,-70.53852,42.13115,5.70499987248331
"57",-70.6,42.2,-70.48,42.1,76,-70.53852,42.13115,4.62499989662319
"58",-70.6,42.1,-70.48,42,77,-70.53852,42.03115,4.77999989315867
"59",-70.6,42.1,-70.48,42,77,-70.53852,42.03115,4.06499990914017
"60",-70.6,42,-70.48,41.9,78,-70.53852,41.93115,4.15499990712851
"61",-70.6,42,-70.48,41.9,78,-70.53852,41.93115,4.01499991025776
"62",-70.51,43.3,-70.39,43.2,85,-70.45192,43.28115,NA
"63",-70.51,43.2,-70.39,43.1,86,-70.45192,43.18115,NA
"64",-70.51,43.1,-70.39,43,87,-70.45192,43.08115,NA
"65",-70.51,43,-70.39,42.9,88,-70.45192,42.98115,NA
"66",-70.51,42.9,-70.39,42.8,89,-70.45192,42.88115,NA
"67",-70.51,42.8,-70.39,42.7,90,-70.45192,42.78115,NA
"68",-70.51,42.7,-70.39,42.6,91,-70.45192,42.68115,NA
"69",-70.51,42.6,-70.39,42.5,92,-70.45192,42.58115,NA
"70",-70.51,42.5,-70.39,42.4,93,-70.45192,42.48115,NA
"71",-70.51,42.4,-70.39,42.3,94,-70.45192,42.38115,NA
"72",-70.51,42.3,-70.39,42.2,95,-70.45192,42.28115,NA
"73",-70.51,42.2,-70.39,42.1,96,-70.45192,42.18115,NA
"74",-70.51,42.1,-70.39,42,97,-70.45192,42.08115,NA
"75",-70.51,42,-70.39,41.9,98,-70.45192,41.98115,NA
"76",-70.51,41.9,-70.39,41.8,99,-70.45192,41.88115,NA
"77",-70.42,43.4,-70.31,43.3,104,-70.36532,43.33115,5.75499987136573
"78",-70.42,43.4,-70.31,43.3,104,-70.36532,43.33115,4.2749999044463
"79",-70.42,43.3,-70.31,43.2,105,-70.36532,43.23115,5.52499987650663
"80",-70.42,43.3,-70.31,43.2,105,-70.36532,43.23115,4.48499989975244
"81",-70.42,43.2,-70.31,43.1,106,-70.36532,43.13115,5.78499987069517
"82",-70.42,43.2,-70.31,43.1,106,-70.36532,43.13115,4.7949998928234
"83",-70.42,43.1,-70.31,43,107,-70.36532,43.03115,6.2849998595193
"84",-70.42,43.1,-70.31,43,107,-70.36532,43.03115,4.96999988891184
"85",-70.42,43,-70.31,42.9,108,-70.36532,42.93115,7.35499983560294
"86",-70.42,43,-70.31,42.9,108,-70.36532,42.93115,5.47999987751245
"87",-70.42,42.9,-70.31,42.8,109,-70.36532,42.83115,7.40499983448535
"88",-70.42,42.9,-70.31,42.8,109,-70.36532,42.83115,5.53999987617135
"89",-70.42,42.8,-70.31,42.7,110,-70.36532,42.73115,7.55499983113259
"90",-70.42,42.8,-70.31,42.7,110,-70.36532,42.73115,5.56499987561256
"91",-70.42,42.7,-70.31,42.6,111,-70.36532,42.63115,7.09999984130263
"92",-70.42,42.7,-70.31,42.6,111,-70.36532,42.63115,5.46499987784773
"93",-70.42,42.6,-70.31,42.5,112,-70.36532,42.53115,7.10499984119087
"94",-70.42,42.6,-70.31,42.5,112,-70.36532,42.53115,5.29999988153577
"95",-70.42,42.5,-70.31,42.4,113,-70.36532,42.43115,6.86499984655529
"96",-70.42,42.5,-70.31,42.4,113,-70.36532,42.43115,5.1949998838827
"97",-70.42,42.4,-70.31,42.3,114,-70.36532,42.33115,6.69499985035509
"98",-70.42,42.4,-70.31,42.3,114,-70.36532,42.33115,5.21499988343567
"99",-70.42,42.3,-70.31,42.2,115,-70.36532,42.23115,6.50999985449016
"100",-70.42,42.3,-70.31,42.2,115,-70.36532,42.23115,5.1099998857826
"101",-70.42,42.2,-70.31,42.1,116,-70.36532,42.13115,6.09999986365438
"102",-70.42,42.2,-70.31,42.1,116,-70.36532,42.13115,4.66499989572912
"103",-70.42,42.1,-70.31,42,117,-70.36532,42.03115,5.84999986924231
"104",-70.42,42.1,-70.31,42,117,-70.36532,42.03115,4.59499989729375
"105",-70.42,42,-70.31,41.9,118,-70.36532,41.93115,5.07499988656491
"106",-70.42,42,-70.31,41.9,118,-70.36532,41.93115,4.49499989952892
"107",-70.42,41.9,-70.31,41.8,119,-70.36532,41.83115,4.66499989572912
"108",-70.42,41.9,-70.31,41.8,119,-70.36532,41.83115,3.87999991327524
"109",-70.34,43.5,-70.22,43.4,123,-70.27872,43.48115,5.77499987091869
"110",-70.34,43.5,-70.22,43.4,123,-70.27872,43.48115,4.05499990936369
"111",-70.34,43.4,-70.22,43.3,124,-70.27872,43.38115,5.95999986678362
"112",-70.34,43.4,-70.22,43.3,124,-70.27872,43.38115,4.34499990288168
"113",-70.34,43.3,-70.22,43.2,125,-70.27872,43.28115,6.19499986153096
"114",-70.34,43.3,-70.22,43.2,125,-70.27872,43.28115,4.84499989170581
"115",-70.34,43.2,-70.22,43.1,126,-70.27872,43.18115,6.44499985594302
"116",-70.34,43.2,-70.22,43.1,126,-70.27872,43.18115,5.22499988321215
"117",-70.34,43.1,-70.22,43,127,-70.27872,43.08115,6.86999984644353
"118",-70.34,43.1,-70.22,43,127,-70.27872,43.08115,5.46999987773597
"119",-70.34,43,-70.22,42.9,128,-70.27872,42.98115,7.57499983068556
"120",-70.34,43,-70.22,42.9,128,-70.27872,42.98115,5.6549998736009
"121",-70.34,42.9,-70.22,42.8,129,-70.27872,42.88115,7.59999983012676
"122",-70.34,42.9,-70.22,42.8,129,-70.27872,42.88115,5.65999987348914
"123",-70.34,42.8,-70.22,42.7,130,-70.27872,42.78115,7.62499982956797
"124",-70.34,42.8,-70.22,42.7,130,-70.27872,42.78115,5.56499987561256
"125",-70.34,42.7,-70.22,42.6,131,-70.27872,42.68115,7.2049998389557
"126",-70.34,42.7,-70.22,42.6,131,-70.27872,42.68115,5.51499987673014
"127",-70.34,42.6,-70.22,42.5,132,-70.27872,42.58115,7.47499983292073
"128",-70.34,42.6,-70.22,42.5,132,-70.27872,42.58115,5.739999871701
"129",-70.34,42.5,-70.22,42.4,133,-70.27872,42.48115,7.2899998370558
"130",-70.34,42.5,-70.22,42.4,133,-70.27872,42.48115,5.49999987706542
"131",-70.34,42.4,-70.22,42.3,134,-70.27872,42.38115,6.93499984499067
"132",-70.34,42.4,-70.22,42.3,134,-70.27872,42.38115,5.20999988354743
"133",-70.34,42.3,-70.22,42.2,135,-70.27872,42.28115,6.62999985180795
"134",-70.34,42.3,-70.22,42.2,135,-70.27872,42.28115,5.01999988779426
"135",-70.34,42.2,-70.22,42.1,136,-70.27872,42.18115,6.17999986186624
"136",-70.34,42.2,-70.22,42.1,136,-70.27872,42.18115,4.54499989841133
"137",-70.34,42.1,-70.22,42,137,-70.27872,42.08115,5.79499987047166
"138",-70.34,42.1,-70.22,42,137,-70.27872,42.08115,4.21999990567565
"139",-70.34,42,-70.22,41.9,138,-70.27872,41.98115,5.10499988589436
"140",-70.34,42,-70.22,41.9,138,-70.27872,41.98115,4.4199999012053
"141",-70.34,41.9,-70.22,41.8,139,-70.27872,41.88115,4.80499989259988
"142",-70.34,41.9,-70.22,41.8,139,-70.27872,41.88115,4.05499990936369
"143",-70.34,41.8,-70.22,41.7,140,-70.27872,41.78115,4.67499989550561
"144",-70.34,41.8,-70.22,41.7,140,-70.27872,41.78115,3.7049999171868
"145",-70.25,43.6,-70.13,43.5,142,-70.19211,43.53115,NA
"146",-70.25,43.5,-70.13,43.4,143,-70.19211,43.43115,NA
"147",-70.25,43.4,-70.13,43.3,144,-70.19211,43.33115,NA
"148",-70.25,43.3,-70.13,43.2,145,-70.19211,43.23115,NA
"149",-70.25,43.2,-70.13,43.1,146,-70.19211,43.13115,NA
"150",-70.25,43.1,-70.13,43,147,-70.19211,43.03115,NA
"151",-70.25,43,-70.13,42.9,148,-70.19211,42.93115,NA
"152",-70.25,42.9,-70.13,42.8,149,-70.19211,42.83115,NA
"153",-70.25,42.8,-70.13,42.7,150,-70.19211,42.73115,NA
"154",-70.25,42.7,-70.13,42.6,151,-70.19211,42.63115,NA
"155",-70.25,42.6,-70.13,42.5,152,-70.19211,42.53115,NA
"156",-70.25,42.5,-70.13,42.4,153,-70.19211,42.43115,NA
"157",-70.25,42.4,-70.13,42.3,154,-70.19211,42.33115,NA
"158",-70.25,42.3,-70.13,42.2,155,-70.19211,42.23115,NA
"159",-70.25,42.2,-70.13,42.1,156,-70.19211,42.13115,NA
"160",-70.25,42,-70.13,41.9,158,-70.19211,41.93115,NA
"161",-70.25,41.9,-70.13,41.8,159,-70.19211,41.83115,NA
"162",-70.16,43.6,-70.05,43.5,162,-70.10551,43.58115,4.78999989293516
"163",-70.16,43.6,-70.05,43.5,162,-70.10551,43.58115,3.85499991383404
"164",-70.16,43.5,-70.05,43.4,163,-70.10551,43.48115,6.63499985169619
"165",-70.16,43.5,-70.05,43.4,163,-70.10551,43.48115,4.67999989539385
"166",-70.16,43.4,-70.05,43.3,164,-70.10551,43.38115,7.09999984130263
"167",-70.16,43.4,-70.05,43.3,164,-70.10551,43.38115,5.0499998871237
"168",-70.16,43.3,-70.05,43.2,165,-70.10551,43.28115,7.749999826774
"169",-70.16,43.3,-70.05,43.2,165,-70.10551,43.28115,5.32499988097697
"170",-70.16,43.2,-70.05,43.1,166,-70.10551,43.18115,7.82999982498586
"171",-70.16,43.2,-70.05,43.1,166,-70.10551,43.18115,5.68999987281859
"172",-70.16,43.1,-70.05,43,167,-70.10551,43.08115,7.91999982297421
"173",-70.16,43.1,-70.05,43,167,-70.10551,43.08115,6.03499986510724
"174",-70.16,43,-70.05,42.9,168,-70.10551,42.98115,7.72499982733279
"175",-70.16,43,-70.05,42.9,168,-70.10551,42.98115,6.08999986387789
"176",-70.16,42.9,-70.05,42.8,169,-70.10551,42.88115,7.61999982967973
"177",-70.16,42.9,-70.05,42.8,169,-70.10551,42.88115,6.00499986577779
"178",-70.16,42.8,-70.05,42.7,170,-70.10551,42.78115,7.5799998305738
"179",-70.16,42.8,-70.05,42.7,170,-70.10551,42.78115,6.17499986197799
"180",-70.16,42.7,-70.05,42.6,171,-70.10551,42.68115,7.6649998286739
"181",-70.16,42.7,-70.05,42.6,171,-70.10551,42.68115,6.31999985873699
"182",-70.16,42.6,-70.05,42.5,172,-70.10551,42.58115,7.69499982800335
"183",-70.16,42.6,-70.05,42.5,172,-70.10551,42.58115,6.25499986018986
"184",-70.16,42.5,-70.05,42.4,173,-70.10551,42.48115,7.76999982632697
"185",-70.16,42.5,-70.05,42.4,173,-70.10551,42.48115,6.24999986030161
"186",-70.16,42.4,-70.05,42.3,174,-70.10551,42.38115,7.72499982733279
"187",-70.16,42.4,-70.05,42.3,174,-70.10551,42.38115,6.01999986544251
"188",-70.16,42.3,-70.05,42.2,175,-70.10551,42.28115,7.50999983213842
"189",-70.16,42.3,-70.05,42.2,175,-70.10551,42.28115,5.96499986667186
"190",-70.16,42.2,-70.05,42.1,176,-70.10551,42.18115,7.26999983750284
"191",-70.16,42.2,-70.05,42.1,176,-70.10551,42.18115,5.80999987013638
"192",-70.16,42,-70.05,41.9,178,-70.10551,41.98115,4.26999990455806
"193",-70.16,42,-70.05,41.9,178,-70.10551,41.98115,3.13999992981553
"194",-70.16,41.9,-70.05,41.8,179,-70.10551,41.88115,3.9349999120459
"195",-70.16,41.9,-70.05,41.8,179,-70.10551,41.88115,3.04499993193895
"196",-70.08,43.7,-69.96,43.6,181,-70.01891,43.63115,4.95499988924712
"197",-70.08,43.7,-69.96,43.6,181,-70.01891,43.63115,3.80499991495162
"198",-70.08,43.6,-69.96,43.5,182,-70.01891,43.53115,5.4849998774007
"199",-70.08,43.6,-69.96,43.5,182,-70.01891,43.53115,4.16999990679324
"200",-70.08,43.5,-69.96,43.4,183,-70.01891,43.43115,7.00999984331429
"201",-70.08,43.5,-69.96,43.4,183,-70.01891,43.43115,4.71999989449978
"202",-70.08,43.4,-69.96,43.3,184,-70.01891,43.33115,7.62499982956797
"203",-70.08,43.4,-69.96,43.3,184,-70.01891,43.33115,5.34499988052994
"204",-70.08,43.3,-69.96,43.2,185,-70.01891,43.23115,7.89999982342124
"205",-70.08,43.3,-69.96,43.2,185,-70.01891,43.23115,5.62499987427145
"206",-70.08,43.2,-69.96,43.1,186,-70.01891,43.13115,7.93499982263893
"207",-70.08,43.2,-69.96,43.1,186,-70.01891,43.13115,5.90999986790121
"208",-70.08,43.1,-69.96,43,187,-70.01891,43.03115,7.78999982587993
"209",-70.08,43.1,-69.96,43,187,-70.01891,43.03115,6.09999986365438
"210",-70.08,43,-69.96,42.9,188,-70.01891,42.93115,7.72999982722104
"211",-70.08,43,-69.96,42.9,188,-70.01891,42.93115,6.21999986097217
"212",-70.08,42.9,-69.96,42.8,189,-70.01891,42.83115,7.71499982755631
"213",-70.08,42.9,-69.96,42.8,189,-70.01891,42.83115,6.2849998595193
"214",-70.08,42.8,-69.96,42.7,190,-70.01891,42.73115,7.76499982643872
"215",-70.08,42.8,-69.96,42.7,190,-70.01891,42.73115,6.33999985828996
"216",-70.08,42.7,-69.96,42.6,191,-70.01891,42.63115,7.82499982509762
"217",-70.08,42.7,-69.96,42.6,191,-70.01891,42.63115,6.44499985594302
"218",-70.08,42.6,-69.96,42.5,192,-70.01891,42.53115,7.84499982465059
"219",-70.08,42.6,-69.96,42.5,192,-70.01891,42.53115,6.45499985571951
"220",-70.08,42.5,-69.96,42.4,193,-70.01891,42.43115,7.91999982297421
"221",-70.08,42.5,-69.96,42.4,193,-70.01891,42.43115,6.39499985706061
"222",-70.08,42.4,-69.96,42.3,194,-70.01891,42.33115,7.87499982398003
"223",-70.08,42.4,-69.96,42.3,194,-70.01891,42.33115,6.35499985795468
"224",-70.08,42.3,-69.96,42.2,195,-70.01891,42.23115,7.80499982554466
"225",-70.08,42.3,-69.96,42.2,195,-70.01891,42.23115,6.37499985750765
"226",-70.08,42.2,-69.96,42.1,196,-70.01891,42.13115,7.64999982900918
"227",-70.08,42.2,-69.96,42.1,196,-70.01891,42.13115,6.3449998581782
"228",-69.99,43.7,-69.87,43.6,201,-69.93231,43.68115,NA
"229",-69.99,43.6,-69.87,43.5,202,-69.93231,43.58115,NA
"230",-69.99,43.5,-69.87,43.4,203,-69.93231,43.48115,NA
"231",-69.99,43.4,-69.87,43.3,204,-69.93231,43.38115,NA
"232",-69.99,43.3,-69.87,43.2,205,-69.93231,43.28115,NA
"233",-69.99,43.2,-69.87,43.1,206,-69.93231,43.18115,NA
"234",-69.99,43.1,-69.87,43,207,-69.93231,43.08115,NA
"235",-69.99,43,-69.87,42.9,208,-69.93231,42.98115,NA
"236",-69.99,42.9,-69.87,42.8,209,-69.93231,42.88115,NA
"237",-69.99,42.8,-69.87,42.7,210,-69.93231,42.78115,NA
"238",-69.99,42.7,-69.87,42.6,211,-69.93231,42.68115,NA
"239",-69.99,42.6,-69.87,42.5,212,-69.93231,42.58115,NA
"240",-69.99,42.5,-69.87,42.4,213,-69.93231,42.48115,NA
"241",-69.99,42.4,-69.87,42.3,214,-69.93231,42.38115,NA
"242",-69.99,42.3,-69.87,42.2,215,-69.93231,42.28115,NA
"243",-69.99,42.2,-69.87,42.1,216,-69.93231,42.18115,NA
"244",-69.99,42.1,-69.87,42,217,-69.93231,42.08115,NA
"245",-69.99,42,-69.87,41.9,218,-69.93231,41.98115,NA
"246",-69.9,43.7,-69.79,43.6,221,-69.8457,43.63115,5.08999988622963
"247",-69.9,43.7,-69.79,43.6,221,-69.8457,43.63115,3.87999991327524
"248",-69.9,43.6,-69.79,43.5,222,-69.8457,43.53115,5.88999986834824
"249",-69.9,43.6,-69.79,43.5,222,-69.8457,43.53115,4.16999990679324
"250",-69.9,43.5,-69.79,43.4,223,-69.8457,43.43115,7.5199998319149
"251",-69.9,43.5,-69.79,43.4,223,-69.8457,43.43115,4.89499989058822
"252",-69.9,43.4,-69.79,43.3,224,-69.8457,43.33115,7.87999982386827
"253",-69.9,43.4,-69.79,43.3,224,-69.8457,43.33115,5.39499987941235
"254",-69.9,43.3,-69.79,43.2,225,-69.8457,43.23115,8.08499981928617
"255",-69.9,43.3,-69.79,43.2,225,-69.8457,43.23115,6.04999986477196
"256",-69.9,43.2,-69.79,43.1,226,-69.8457,43.13115,7.98499982152134
"257",-69.9,43.2,-69.79,43.1,226,-69.8457,43.13115,6.14999986253679
"258",-69.9,43.1,-69.79,43,227,-69.8457,43.03115,7.91499982308596
"259",-69.9,43.1,-69.79,43,227,-69.8457,43.03115,6.27999985963106
"260",-69.9,43,-69.79,42.9,228,-69.8457,42.93115,7.93999982252717
"261",-69.9,43,-69.79,42.9,228,-69.8457,42.93115,6.39999985694885
"262",-69.9,42.9,-69.79,42.8,229,-69.8457,42.83115,8.03499982040375
"263",-69.9,42.9,-69.79,42.8,229,-69.8457,42.83115,6.45999985560775
"264",-69.9,42.8,-69.79,42.7,230,-69.8457,42.73115,8.09999981895089
"265",-69.9,42.8,-69.79,42.7,230,-69.8457,42.73115,6.4899998549372
"266",-69.9,42.7,-69.79,42.6,231,-69.8457,42.63115,8.09499981906265
"267",-69.9,42.7,-69.79,42.6,231,-69.8457,42.63115,6.61999985203147
"268",-69.9,42.6,-69.79,42.5,232,-69.8457,42.53115,8.17499981727451
"269",-69.9,42.6,-69.79,42.5,232,-69.8457,42.53115,6.70999985001981
"270",-69.9,42.5,-69.79,42.4,233,-69.8457,42.43115,7.95999982208014
"271",-69.9,42.5,-69.79,42.4,233,-69.8457,42.43115,6.74999984912574
"272",-69.9,42.4,-69.79,42.3,234,-69.8457,42.33115,7.98999982140958
"273",-69.9,42.4,-69.79,42.3,234,-69.8457,42.33115,6.72999984957278
"274",-69.9,42.3,-69.79,42.2,235,-69.8457,42.23115,7.94499982241541
"275",-69.9,42.3,-69.79,42.2,235,-69.8457,42.23115,6.71499984990805
"276",-69.9,42.2,-69.79,42.1,236,-69.8457,42.13115,7.88499982375652
"277",-69.9,42.2,-69.79,42.1,236,-69.8457,42.13115,6.87499984633178
"278",-69.9,42.1,-69.79,42,237,-69.8457,42.03115,7.70499982777983
"279",-69.9,42.1,-69.79,42,237,-69.8457,42.03115,6.6599998511374
"280",-69.9,42,-69.79,41.9,238,-69.8457,41.93115,6.52999985404313
"281",-69.9,42,-69.79,41.9,238,-69.8457,41.93115,5.43999987840652
"282",-69.9,41.9,-69.79,41.8,239,-69.8457,41.83115,6.14499986264855
"283",-69.9,41.9,-69.79,41.8,239,-69.8457,41.83115,4.8199998922646
"284",-69.9,41.8,-69.79,41.7,240,-69.8457,41.73115,5.88999986834824
"285",-69.9,41.8,-69.79,41.7,240,-69.8457,41.73115,4.69499989505857
"286",-69.82,43.7,-69.7,43.6,241,-69.7591,43.68115,5.49499987717718
"287",-69.82,43.7,-69.7,43.6,241,-69.7591,43.68115,3.58999991975725
"288",-69.82,43.6,-69.7,43.5,242,-69.7591,43.58115,6.06499986443669
"289",-69.82,43.6,-69.7,43.5,242,-69.7591,43.58115,4.20999990589917
"290",-69.82,43.5,-69.7,43.4,243,-69.7591,43.48115,7.47999983280897
"291",-69.82,43.5,-69.7,43.4,243,-69.7591,43.48115,5.08499988634139
"292",-69.82,43.4,-69.7,43.3,244,-69.7591,43.38115,7.69999982789159
"293",-69.82,43.4,-69.7,43.3,244,-69.7591,43.38115,5.5699998755008
"294",-69.82,43.3,-69.7,43.2,245,-69.7591,43.28115,8.00499982107431
"295",-69.82,43.3,-69.7,43.2,245,-69.7591,43.28115,6.08999986387789
"296",-69.82,43.2,-69.7,43.1,246,-69.7591,43.18115,8.04499982018024
"297",-69.82,43.2,-69.7,43.1,246,-69.7591,43.18115,6.20999986119568
"298",-69.82,43.1,-69.7,43,247,-69.7591,43.08115,7.97499982174486
"299",-69.82,43.1,-69.7,43,247,-69.7591,43.08115,6.27499985974282
"300",-69.82,43,-69.7,42.9,248,-69.7591,42.98115,8.00999982096255
"301",-69.82,43,-69.7,42.9,248,-69.7591,42.98115,6.32999985851347
"302",-69.82,42.9,-69.7,42.8,249,-69.7591,42.88115,8.10999981872737
"303",-69.82,42.9,-69.7,42.8,249,-69.7591,42.88115,6.45499985571951
"304",-69.82,42.8,-69.7,42.7,250,-69.7591,42.78115,8.1249998183921
"305",-69.82,42.8,-69.7,42.7,250,-69.7591,42.78115,6.5149998543784
"306",-69.82,42.7,-69.7,42.6,251,-69.7591,42.68115,8.07999981939793
"307",-69.82,42.7,-69.7,42.6,251,-69.7591,42.68115,6.63999985158443
"308",-69.82,42.6,-69.7,42.5,252,-69.7591,42.58115,8.23499981593341
"309",-69.82,42.6,-69.7,42.5,252,-69.7591,42.58115,6.6599998511374
"310",-69.82,42.5,-69.7,42.4,253,-69.7591,42.48115,8.03499982040375
"311",-69.82,42.5,-69.7,42.4,253,-69.7591,42.48115,6.76999984867871
"312",-69.82,42.4,-69.7,42.3,254,-69.7591,42.38115,7.97499982174486
"313",-69.82,42.4,-69.7,42.3,254,-69.7591,42.38115,6.79499984811991
"314",-69.82,42.3,-69.7,42.2,255,-69.7591,42.28115,7.98999982140958
"315",-69.82,42.3,-69.7,42.2,255,-69.7591,42.28115,6.79499984811991
"316",-69.82,42.2,-69.7,42.1,256,-69.7591,42.18115,7.89999982342124
"317",-69.82,42.2,-69.7,42.1,256,-69.7591,42.18115,6.90499984566122
"318",-69.82,42.1,-69.7,42,257,-69.7591,42.08115,7.85499982442707
"319",-69.82,42.1,-69.7,42,257,-69.7591,42.08115,6.85499984677881
"320",-69.82,42,-69.7,41.9,258,-69.7591,41.98115,7.29499983694404
"321",-69.82,42,-69.7,41.9,258,-69.7591,41.98115,6.45499985571951
"322",-69.82,41.9,-69.7,41.8,259,-69.7591,41.88115,7.02999984286726
"323",-69.82,41.9,-69.7,41.8,259,-69.7591,41.88115,6.09999986365438
"324",-69.82,41.8,-69.7,41.7,260,-69.7591,41.78115,6.84499984700233
"325",-69.82,41.8,-69.7,41.7,260,-69.7591,41.78115,5.48999987728894
"326",-69.73,43.7,-69.61,43.6,261,-69.6725,43.63115,NA
"327",-69.73,43.6,-69.61,43.5,262,-69.6725,43.53115,NA
"328",-69.73,43.5,-69.61,43.4,263,-69.6725,43.43115,NA
"329",-69.73,43.4,-69.61,43.3,264,-69.6725,43.33115,NA
"330",-69.73,43.3,-69.61,43.2,265,-69.6725,43.23115,NA
"331",-69.73,43.2,-69.61,43.1,266,-69.6725,43.13115,NA
"332",-69.73,43.1,-69.61,43,267,-69.6725,43.03115,NA
"333",-69.73,43,-69.61,42.9,268,-69.6725,42.93115,NA
"334",-69.73,42.9,-69.61,42.8,269,-69.6725,42.83115,NA
"335",-69.73,42.8,-69.61,42.7,270,-69.6725,42.73115,NA
"336",-69.73,42.7,-69.61,42.6,271,-69.6725,42.63115,NA
"337",-69.73,42.6,-69.61,42.5,272,-69.6725,42.53115,NA
"338",-69.73,42.5,-69.61,42.4,273,-69.6725,42.43115,NA
"339",-69.73,42.4,-69.61,42.3,274,-69.6725,42.33115,NA
"340",-69.73,42.3,-69.61,42.2,275,-69.6725,42.23115,NA
"341",-69.73,42.2,-69.61,42.1,276,-69.6725,42.13115,NA
"342",-69.73,42.1,-69.61,42,277,-69.6725,42.03115,NA
"343",-69.73,42,-69.61,41.9,278,-69.6725,41.93115,NA
"344",-69.73,41.9,-69.61,41.8,279,-69.6725,41.83115,NA
"345",-69.73,41.8,-69.61,41.7,280,-69.6725,41.73115,NA
"346",-69.64,43.7,-69.53,43.6,281,-69.5859,43.68115,6.53499985393137
"347",-69.64,43.7,-69.53,43.6,281,-69.5859,43.68115,3.9349999120459
"348",-69.64,43.6,-69.53,43.5,282,-69.5859,43.58115,6.77499984856695
"349",-69.64,43.6,-69.53,43.5,282,-69.5859,43.58115,4.12999990768731
"350",-69.64,43.5,-69.53,43.4,283,-69.5859,43.48115,7.16999983973801
"351",-69.64,43.5,-69.53,43.4,283,-69.5859,43.48115,5.64999987371266
"352",-69.64,43.4,-69.53,43.3,284,-69.5859,43.38115,7.5199998319149
"353",-69.64,43.4,-69.53,43.3,284,-69.5859,43.38115,5.76999987103045
"354",-69.64,43.3,-69.53,43.2,285,-69.5859,43.28115,7.90499982330948
"355",-69.64,43.3,-69.53,43.2,285,-69.5859,43.28115,6.00499986577779
"356",-69.64,43.2,-69.53,43.1,286,-69.5859,43.18115,8.08499981928617
"357",-69.64,43.2,-69.53,43.1,286,-69.5859,43.18115,6.13499986287206
"358",-69.64,43.1,-69.53,43,287,-69.5859,43.08115,8.04999982006848
"359",-69.64,43.1,-69.53,43,287,-69.5859,43.08115,6.18499986175448
"360",-69.64,43,-69.53,42.9,288,-69.5859,42.98115,8.14499981794506
"361",-69.64,43,-69.53,42.9,288,-69.5859,42.98115,6.29499985929579
"362",-69.64,42.9,-69.53,42.8,289,-69.5859,42.88115,8.24499981570989
"363",-69.64,42.9,-69.53,42.8,289,-69.5859,42.88115,6.31999985873699
"364",-69.64,42.8,-69.53,42.7,290,-69.5859,42.78115,8.21999981626868
"365",-69.64,42.8,-69.53,42.7,290,-69.5859,42.78115,6.37499985750765
"366",-69.64,42.7,-69.53,42.6,291,-69.5859,42.68115,8.21999981626868
"367",-69.64,42.7,-69.53,42.6,291,-69.5859,42.68115,6.58499985281378
"368",-69.64,42.6,-69.53,42.5,292,-69.5859,42.58115,8.25999981537461
"369",-69.64,42.6,-69.53,42.5,292,-69.5859,42.58115,6.64999985136092
"370",-69.64,42.5,-69.53,42.4,293,-69.5859,42.48115,8.02499982062727
"371",-69.64,42.5,-69.53,42.4,293,-69.5859,42.48115,6.83999984711409
"372",-69.64,42.4,-69.53,42.3,294,-69.5859,42.38115,7.96499982196838
"373",-69.64,42.4,-69.53,42.3,294,-69.5859,42.38115,6.86499984655529
"374",-69.64,42.3,-69.53,42.2,295,-69.5859,42.28115,7.95999982208014
"375",-69.64,42.3,-69.53,42.2,295,-69.5859,42.28115,6.79999984800816
"376",-69.64,42.2,-69.53,42.1,296,-69.5859,42.18115,7.98999982140958
"377",-69.64,42.2,-69.53,42.1,296,-69.5859,42.18115,6.96999984420836
"378",-69.64,42.1,-69.53,42,297,-69.5859,42.08115,7.96499982196838
"379",-69.64,42.1,-69.53,42,297,-69.5859,42.08115,7.02999984286726
"380",-69.64,42,-69.53,41.9,298,-69.5859,41.98115,7.81499982532114
"381",-69.64,42,-69.53,41.9,298,-69.5859,41.98115,7.06999984197319
"382",-69.64,41.9,-69.53,41.8,299,-69.5859,41.88115,7.82999982498586
"383",-69.64,41.9,-69.53,41.8,299,-69.5859,41.88115,7.09999984130263
"384",-69.64,41.8,-69.53,41.7,300,-69.5859,41.78115,7.84999982453883
"385",-69.64,41.8,-69.53,41.7,300,-69.5859,41.78115,6.87999984622002
"386",-69.56,43.7,-69.44,43.6,301,-69.49929,43.63115,6.70499985013157
"387",-69.56,43.7,-69.44,43.6,301,-69.49929,43.63115,4.25999990478158
"388",-69.56,43.6,-69.44,43.5,302,-69.49929,43.53115,7.04499984253198
"389",-69.56,43.6,-69.44,43.5,302,-69.49929,43.53115,4.67499989550561
"390",-69.56,43.5,-69.44,43.4,303,-69.49929,43.43115,7.86499982420355
"391",-69.56,43.5,-69.44,43.4,303,-69.49929,43.43115,5.94999986700714
"392",-69.56,43.4,-69.44,43.3,304,-69.49929,43.33115,8.04999982006848
"393",-69.56,43.4,-69.44,43.3,304,-69.49929,43.33115,5.95499986689538
"394",-69.56,43.3,-69.44,43.2,305,-69.49929,43.23115,8.23499981593341
"395",-69.56,43.3,-69.44,43.2,305,-69.49929,43.23115,6.06499986443669
"396",-69.56,43.2,-69.44,43.1,306,-69.49929,43.13115,8.18499981705099
"397",-69.56,43.2,-69.44,43.1,306,-69.49929,43.13115,6.24999986030161
"398",-69.56,43.1,-69.44,43,307,-69.49929,43.03115,8.11999981850386
"399",-69.56,43.1,-69.44,43,307,-69.49929,43.03115,6.22999986074865
"400",-69.56,43,-69.44,42.9,308,-69.49929,42.93115,8.10999981872737
"401",-69.56,43,-69.44,42.9,308,-69.49929,42.93115,6.17499986197799
"402",-69.56,42.9,-69.44,42.8,309,-69.49929,42.83115,8.18999981693923
"403",-69.56,42.9,-69.44,42.8,309,-69.49929,42.83115,6.20999986119568
"404",-69.56,42.8,-69.44,42.7,310,-69.49929,42.73115,8.26499981526285
"405",-69.56,42.8,-69.44,42.7,310,-69.49929,42.73115,6.3449998581782
"406",-69.56,42.7,-69.44,42.6,311,-69.49929,42.63115,8.18999981693923
"407",-69.56,42.7,-69.44,42.6,311,-69.49929,42.63115,6.49499985482544
"408",-69.56,42.6,-69.44,42.5,312,-69.49929,42.53115,8.19499981682748
"409",-69.56,42.6,-69.44,42.5,312,-69.49929,42.53115,6.54499985370785
"410",-69.56,42.5,-69.44,42.4,313,-69.49929,42.43115,8.1249998183921
"411",-69.56,42.5,-69.44,42.4,313,-69.49929,42.43115,6.74999984912574
"412",-69.56,42.4,-69.44,42.3,314,-69.49929,42.33115,7.95999982208014
"413",-69.56,42.4,-69.44,42.3,314,-69.49929,42.33115,6.77999984845519
"414",-69.56,42.3,-69.44,42.2,315,-69.49929,42.23115,8.01999982073903
"415",-69.56,42.3,-69.44,42.2,315,-69.49929,42.23115,6.81999984756112
"416",-69.56,42.2,-69.44,42.1,316,-69.49929,42.13115,8.00499982107431
"417",-69.56,42.2,-69.44,42.1,316,-69.49929,42.13115,6.91499984543771
"418",-69.56,42.1,-69.44,42,317,-69.49929,42.03115,7.9799998216331
"419",-69.56,42.1,-69.44,42,317,-69.49929,42.03115,6.99999984353781
"420",-69.56,42,-69.44,41.9,318,-69.49929,41.93115,7.77999982610345
"421",-69.56,42,-69.44,41.9,318,-69.49929,41.93115,7.1449998402968
"422",-69.56,41.9,-69.44,41.8,319,-69.49929,41.83115,7.74499982688576
"423",-69.56,41.9,-69.44,41.8,319,-69.49929,41.83115,7.19499983917922
"424",-69.56,41.8,-69.44,41.7,320,-69.49929,41.73115,7.84499982465059
"425",-69.56,41.8,-69.44,41.7,320,-69.49929,41.73115,7.01499984320253
