"X","left","top","right","bottom","grid_id","xcoord","ycoord","temp","dist_to_estuary","closest_estuary"
1,-70.86,42.5,-70.74,42.4,13,-70.79833,42.48115,6.23499986063689,10.9930540449932,"MASSACHUSETTS BAY"
2,-70.86,42.5,-70.74,42.4,13,-70.79833,42.48115,4.77499989327043,10.9930540449932,"MASSACHUSETTS BAY"
3,-70.86,42.4,-70.74,42.3,14,-70.79833,42.38115,5.12999988533556,1.99293501110532,"MASSACHUSETTS BAY"
4,-70.86,42.4,-70.74,42.3,14,-70.79833,42.38115,4.65999989584088,1.99293501110532,"MASSACHUSETTS BAY"
5,-70.86,42.3,-70.74,42.2,15,-70.79833,42.28115,4.20999990589917,11.616234993655,"MASSACHUSETTS BAY"
6,-70.86,42.3,-70.74,42.2,15,-70.79833,42.28115,4.01499991025776,11.616234993655,"MASSACHUSETTS BAY"
7,-70.77,43,-70.65,42.9,28,-70.71173,42.93115,NA,12.7821560194417,"GREAT BAY"
8,-70.77,42.9,-70.65,42.8,29,-70.71173,42.83115,NA,6.91665118825075,"MERRIMACK RIVER"
9,-70.77,42.8,-70.65,42.7,30,-70.71173,42.73115,NA,5.95939452483173,"MERRIMACK RIVER"
10,-70.77,42.6,-70.65,42.5,32,-70.71173,42.53115,NA,18.728785632121,"MASSACHUSETTS BAY"
11,-70.77,42.5,-70.65,42.4,33,-70.71173,42.43115,NA,10.4927227193089,"MASSACHUSETTS BAY"
12,-70.77,42.4,-70.65,42.3,34,-70.71173,42.33115,NA,10.8290101922685,"MASSACHUSETTS BAY"
13,-70.77,42.3,-70.65,42.2,35,-70.71173,42.23115,NA,19.2945097448424,"MASSACHUSETTS BAY"
14,-70.68,43.1,-70.57,43,47,-70.62513,43.08115,NA,6.00634924109402,"GREAT BAY"
15,-70.68,43.1,-70.57,43,47,-70.62513,43.08115,NA,6.00634924109402,"GREAT BAY"
16,-70.68,43,-70.57,42.9,48,-70.62513,42.98115,6.39499985706061,8.1283421681901,"GREAT BAY"
17,-70.68,43,-70.57,42.9,48,-70.62513,42.98115,4.18499990645796,8.1283421681901,"GREAT BAY"
18,-70.68,42.9,-70.57,42.8,49,-70.62513,42.88115,6.7199998497963,15.5714625420268,"MERRIMACK RIVER"
19,-70.68,42.9,-70.57,42.8,49,-70.62513,42.88115,4.54999989829957,15.5714625420268,"MERRIMACK RIVER"
20,-70.68,42.8,-70.57,42.7,50,-70.62513,42.78115,6.61499985214323,10.3140252184473,"MERRIMACK RIVER"
21,-70.68,42.8,-70.57,42.7,50,-70.62513,42.78115,4.35999990254641,10.3140252184473,"MERRIMACK RIVER"
22,-70.68,42.6,-70.57,42.5,52,-70.62513,42.58115,NA,24.0357557146602,"MERRIMACK RIVER"
23,-70.68,42.6,-70.57,42.5,52,-70.62513,42.58115,5.63499987404794,24.0357557146602,"MERRIMACK RIVER"
24,-70.68,42.5,-70.57,42.4,53,-70.62513,42.48115,6.85999984666705,19.4758716164275,"MASSACHUSETTS BAY"
25,-70.68,42.5,-70.57,42.4,53,-70.62513,42.48115,5.09499988611788,19.4758716164275,"MASSACHUSETTS BAY"
26,-70.68,42.4,-70.57,42.3,54,-70.62513,42.38115,6.63499985169619,16.2125474896646,"MASSACHUSETTS BAY"
27,-70.68,42.4,-70.57,42.3,54,-70.62513,42.38115,5.12999988533556,16.2125474896646,"MASSACHUSETTS BAY"
28,-70.68,42.3,-70.57,42.2,55,-70.62513,42.28115,6.15999986231327,19.8550714942586,"MASSACHUSETTS BAY"
29,-70.68,42.3,-70.57,42.2,55,-70.62513,42.28115,4.92999988980591,19.8550714942586,"MASSACHUSETTS BAY"
30,-70.68,42.2,-70.57,42.1,56,-70.62513,42.18115,4.75999989360571,27.8108086727321,"MASSACHUSETTS BAY"
31,-70.68,42.2,-70.57,42.1,56,-70.62513,42.18115,4.16999990679324,27.8108086727321,"MASSACHUSETTS BAY"
32,-70.68,42.1,-70.57,42,57,-70.62513,42.08115,4.61499989684671,35.8965114228801,"BOSTON HARBOR"
33,-70.68,42.1,-70.57,42,57,-70.62513,42.08115,3.90499991271645,35.8965114228801,"BOSTON HARBOR"
34,-70.6,43.3,-70.48,43.2,65,-70.53852,43.23115,5.04499988723546,4.2812220155555,"WELLS HARBOR"
35,-70.6,43.3,-70.48,43.2,65,-70.53852,43.23115,4.26999990455806,4.2812220155555,"WELLS HARBOR"
36,-70.6,43.2,-70.48,43.1,66,-70.53852,43.13115,5.16999988444149,14.9586819823131,"GREAT BAY"
37,-70.6,43.2,-70.48,43.1,66,-70.53852,43.13115,4.36499990243465,14.9586819823131,"GREAT BAY"
38,-70.6,43.1,-70.48,43,67,-70.53852,43.03115,5.15499988477677,11.402404708292,"GREAT BAY"
39,-70.6,43.1,-70.48,43,67,-70.53852,43.03115,3.9349999120459,11.402404708292,"GREAT BAY"
40,-70.6,43,-70.48,42.9,68,-70.53852,42.93115,6.49499985482544,16.8554982104571,"GREAT BAY"
41,-70.6,43,-70.48,42.9,68,-70.53852,42.93115,4.47499989997596,16.8554982104571,"GREAT BAY"
42,-70.6,42.9,-70.48,42.8,69,-70.53852,42.83115,6.94499984476715,18.4154940579064,"MERRIMACK RIVER"
43,-70.6,42.9,-70.48,42.8,69,-70.53852,42.83115,5.0249998876825,18.4154940579064,"MERRIMACK RIVER"
44,-70.6,42.8,-70.48,42.7,70,-70.53852,42.73115,7.02499984297901,18.0907594501179,"MERRIMACK RIVER"
45,-70.6,42.8,-70.48,42.7,70,-70.53852,42.73115,5.1099998857826,18.0907594501179,"MERRIMACK RIVER"
46,-70.6,42.7,-70.48,42.6,71,-70.53852,42.63115,6.86499984655529,23.7331140182377,"MERRIMACK RIVER"
47,-70.6,42.7,-70.48,42.6,71,-70.53852,42.63115,4.70499989483505,23.7331140182377,"MERRIMACK RIVER"
48,-70.6,42.6,-70.48,42.5,72,-70.53852,42.53115,6.35999985784292,28.4851562882787,"MASSACHUSETTS BAY"
49,-70.6,42.6,-70.48,42.5,72,-70.53852,42.53115,4.4799998998642,28.4851562882787,"MASSACHUSETTS BAY"
50,-70.6,42.5,-70.48,42.4,73,-70.53852,42.43115,6.82499984744936,23.9054448192855,"MASSACHUSETTS BAY"
51,-70.6,42.5,-70.48,42.4,73,-70.53852,42.43115,5.15999988466501,23.9054448192855,"MASSACHUSETTS BAY"
52,-70.6,42.4,-70.48,42.3,74,-70.53852,42.33115,6.78999984823167,24.0702291319862,"MASSACHUSETTS BAY"
53,-70.6,42.4,-70.48,42.3,74,-70.53852,42.33115,5.17999988421798,24.0702291319862,"MASSACHUSETTS BAY"
54,-70.6,42.3,-70.48,42.2,75,-70.53852,42.23115,6.34999985806644,28.8984609303478,"MASSACHUSETTS BAY"
55,-70.6,42.3,-70.48,42.2,75,-70.53852,42.23115,5.14499988500029,28.8984609303478,"MASSACHUSETTS BAY"
56,-70.6,42.2,-70.48,42.1,76,-70.53852,42.13115,5.70499987248331,36.5883264585125,"MASSACHUSETTS BAY"
57,-70.6,42.2,-70.48,42.1,76,-70.53852,42.13115,4.62499989662319,36.5883264585125,"MASSACHUSETTS BAY"
58,-70.6,42.1,-70.48,42,77,-70.53852,42.03115,4.77999989315867,32.4485102953993,"CAPE COD BAY"
59,-70.6,42.1,-70.48,42,77,-70.53852,42.03115,4.06499990914017,32.4485102953993,"CAPE COD BAY"
60,-70.6,42,-70.48,41.9,78,-70.53852,41.93115,4.15499990712851,25.7984579051708,"CAPE COD BAY"
61,-70.6,42,-70.48,41.9,78,-70.53852,41.93115,4.01499991025776,25.7984579051708,"CAPE COD BAY"
62,-70.51,43.3,-70.39,43.2,85,-70.45192,43.28115,NA,8.48706985471721,"WELLS HARBOR"
63,-70.51,43.2,-70.39,43.1,86,-70.45192,43.18115,NA,12.7556232201129,"WELLS HARBOR"
64,-70.51,43.1,-70.39,43,87,-70.45192,43.08115,NA,18.8401129951757,"GREAT BAY"
65,-70.51,43,-70.39,42.9,88,-70.45192,42.98115,NA,19.6332265206856,"GREAT BAY"
66,-70.51,42.9,-70.39,42.8,89,-70.45192,42.88115,NA,25.7646503000055,"GREAT BAY"
67,-70.51,42.8,-70.39,42.7,90,-70.45192,42.78115,NA,24.4577878122438,"MERRIMACK RIVER"
68,-70.51,42.7,-70.39,42.6,91,-70.45192,42.68115,NA,26.6594490426769,"MERRIMACK RIVER"
69,-70.51,42.6,-70.39,42.5,92,-70.45192,42.58115,NA,32.7277929015366,"MERRIMACK RIVER"
70,-70.51,42.5,-70.39,42.4,93,-70.45192,42.48115,NA,32.2928808913985,"MASSACHUSETTS BAY"
71,-70.51,42.4,-70.39,42.3,94,-70.45192,42.38115,NA,30.4536765902524,"MASSACHUSETTS BAY"
72,-70.51,42.3,-70.39,42.2,95,-70.45192,42.28115,NA,32.5555122362257,"MASSACHUSETTS BAY"
73,-70.51,42.2,-70.39,42.1,96,-70.45192,42.18115,NA,37.9491111037087,"MASSACHUSETTS BAY"
74,-70.51,42.1,-70.39,42,97,-70.45192,42.08115,NA,32.6015203296723,"CAPE COD BAY"
75,-70.51,42,-70.39,41.9,98,-70.45192,41.98115,NA,23.4767751835766,"CAPE COD BAY"
76,-70.51,41.9,-70.39,41.8,99,-70.45192,41.88115,NA,16.9498936761285,"CAPE COD BAY"
77,-70.42,43.4,-70.31,43.3,104,-70.36532,43.33115,5.75499987136573,15.457132249029,"SACO BAY"
78,-70.42,43.4,-70.31,43.3,104,-70.36532,43.33115,4.2749999044463,15.457132249029,"SACO BAY"
79,-70.42,43.3,-70.31,43.2,105,-70.36532,43.23115,5.52499987650663,15.9077775258746,"WELLS HARBOR"
80,-70.42,43.3,-70.31,43.2,105,-70.36532,43.23115,4.48499989975244,15.9077775258746,"WELLS HARBOR"
81,-70.42,43.2,-70.31,43.1,106,-70.36532,43.13115,5.78499987069517,21.6316095431375,"WELLS HARBOR"
82,-70.42,43.2,-70.31,43.1,106,-70.36532,43.13115,4.7949998928234,21.6316095431375,"WELLS HARBOR"
83,-70.42,43.1,-70.31,43,107,-70.36532,43.03115,6.2849998595193,25.4506475056395,"GREAT BAY"
84,-70.42,43.1,-70.31,43,107,-70.36532,43.03115,4.96999988891184,25.4506475056395,"GREAT BAY"
85,-70.42,43,-70.31,42.9,108,-70.36532,42.93115,7.35499983560294,28.3314580903871,"GREAT BAY"
86,-70.42,43,-70.31,42.9,108,-70.36532,42.93115,5.47999987751245,28.3314580903871,"GREAT BAY"
87,-70.42,42.9,-70.31,42.8,109,-70.36532,42.83115,7.40499983448535,32.1033512215154,"MERRIMACK RIVER"
88,-70.42,42.9,-70.31,42.8,109,-70.36532,42.83115,5.53999987617135,32.1033512215154,"MERRIMACK RIVER"
89,-70.42,42.8,-70.31,42.7,110,-70.36532,42.73115,7.55499983113259,31.9356859641193,"MERRIMACK RIVER"
90,-70.42,42.8,-70.31,42.7,110,-70.36532,42.73115,5.56499987561256,31.9356859641193,"MERRIMACK RIVER"
91,-70.42,42.7,-70.31,42.6,111,-70.36532,42.63115,7.09999984130263,35.454047417229,"MERRIMACK RIVER"
92,-70.42,42.7,-70.31,42.6,111,-70.36532,42.63115,5.46499987784773,35.454047417229,"MERRIMACK RIVER"
93,-70.42,42.6,-70.31,42.5,112,-70.36532,42.53115,7.10499984119087,40.9476428331427,"MASSACHUSETTS BAY"
94,-70.42,42.6,-70.31,42.5,112,-70.36532,42.53115,5.29999988153577,40.9476428331427,"MASSACHUSETTS BAY"
95,-70.42,42.5,-70.31,42.4,113,-70.36532,42.43115,6.86499984655529,37.9230647813068,"MASSACHUSETTS BAY"
96,-70.42,42.5,-70.31,42.4,113,-70.36532,42.43115,5.1949998838827,37.9230647813068,"MASSACHUSETTS BAY"
97,-70.42,42.4,-70.31,42.3,114,-70.36532,42.33115,6.69499985035509,38.0453143642343,"MASSACHUSETTS BAY"
98,-70.42,42.4,-70.31,42.3,114,-70.36532,42.33115,5.21499988343567,38.0453143642343,"MASSACHUSETTS BAY"
99,-70.42,42.3,-70.31,42.2,115,-70.36532,42.23115,6.50999985449016,41.2864476746189,"MASSACHUSETTS BAY"
100,-70.42,42.3,-70.31,42.2,115,-70.36532,42.23115,5.1099998857826,41.2864476746189,"MASSACHUSETTS BAY"
101,-70.42,42.2,-70.31,42.1,116,-70.36532,42.13115,6.09999986365438,35.1841900281452,"CAPE COD BAY"
102,-70.42,42.2,-70.31,42.1,116,-70.36532,42.13115,4.66499989572912,35.1841900281452,"CAPE COD BAY"
103,-70.42,42.1,-70.31,42,117,-70.36532,42.03115,5.84999986924231,24.5363707319438,"CAPE COD BAY"
104,-70.42,42.1,-70.31,42,117,-70.36532,42.03115,4.59499989729375,24.5363707319438,"CAPE COD BAY"
105,-70.42,42,-70.31,41.9,118,-70.36532,41.93115,5.07499988656491,14.6280614349606,"CAPE COD BAY"
106,-70.42,42,-70.31,41.9,118,-70.36532,41.93115,4.49499989952892,14.6280614349606,"CAPE COD BAY"
107,-70.42,41.9,-70.31,41.8,119,-70.36532,41.83115,4.66499989572912,8.58878954719029,"CAPE COD BAY"
108,-70.42,41.9,-70.31,41.8,119,-70.36532,41.83115,3.87999991327524,8.58878954719029,"CAPE COD BAY"
109,-70.34,43.5,-70.22,43.4,123,-70.27872,43.48115,5.77499987091869,6.28780825273999,"SACO BAY"
110,-70.34,43.5,-70.22,43.4,123,-70.27872,43.48115,4.05499990936369,6.28780825273999,"SACO BAY"
111,-70.34,43.4,-70.22,43.3,124,-70.27872,43.38115,5.95999986678362,11.6357067401505,"SACO BAY"
112,-70.34,43.4,-70.22,43.3,124,-70.27872,43.38115,4.34499990288168,11.6357067401505,"SACO BAY"
113,-70.34,43.3,-70.22,43.2,125,-70.27872,43.28115,6.19499986153096,21.8879718934634,"SACO BAY"
114,-70.34,43.3,-70.22,43.2,125,-70.27872,43.28115,4.84499989170581,21.8879718934634,"SACO BAY"
115,-70.34,43.2,-70.22,43.1,126,-70.27872,43.18115,6.44499985594302,24.3928013915637,"WELLS HARBOR"
116,-70.34,43.2,-70.22,43.1,126,-70.27872,43.18115,5.22499988321215,24.3928013915637,"WELLS HARBOR"
117,-70.34,43.1,-70.22,43,127,-70.27872,43.08115,6.86999984644353,30.5652216706591,"WELLS HARBOR"
118,-70.34,43.1,-70.22,43,127,-70.27872,43.08115,5.46999987773597,30.5652216706591,"WELLS HARBOR"
119,-70.34,43,-70.22,42.9,128,-70.27872,42.98115,7.57499983068556,33.2018214179392,"GREAT BAY"
120,-70.34,43,-70.22,42.9,128,-70.27872,42.98115,5.6549998736009,33.2018214179392,"GREAT BAY"
121,-70.34,42.9,-70.22,42.8,129,-70.27872,42.88115,7.59999983012676,37.1736507355302,"GREAT BAY"
122,-70.34,42.9,-70.22,42.8,129,-70.27872,42.88115,5.65999987348914,37.1736507355302,"GREAT BAY"
123,-70.34,42.8,-70.22,42.7,130,-70.27872,42.78115,7.62499982956797,38.6070300316637,"MERRIMACK RIVER"
124,-70.34,42.8,-70.22,42.7,130,-70.27872,42.78115,5.56499987561256,38.6070300316637,"MERRIMACK RIVER"
125,-70.34,42.7,-70.22,42.6,131,-70.27872,42.68115,7.2049998389557,40.0560341263312,"MERRIMACK RIVER"
126,-70.34,42.7,-70.22,42.6,131,-70.27872,42.68115,5.51499987673014,40.0560341263312,"MERRIMACK RIVER"
127,-70.34,42.6,-70.22,42.5,132,-70.27872,42.58115,7.47499983292073,44.3430549929633,"MERRIMACK RIVER"
128,-70.34,42.6,-70.22,42.5,132,-70.27872,42.58115,5.739999871701,44.3430549929633,"MERRIMACK RIVER"
129,-70.34,42.5,-70.22,42.4,133,-70.27872,42.48115,7.2899998370558,45.9492067995306,"MASSACHUSETTS BAY"
130,-70.34,42.5,-70.22,42.4,133,-70.27872,42.48115,5.49999987706542,45.9492067995306,"MASSACHUSETTS BAY"
131,-70.34,42.4,-70.22,42.3,134,-70.27872,42.38115,6.93499984499067,44.6948706111169,"MASSACHUSETTS BAY"
132,-70.34,42.4,-70.22,42.3,134,-70.27872,42.38115,5.20999988354743,44.6948706111169,"MASSACHUSETTS BAY"
133,-70.34,42.3,-70.22,42.2,135,-70.27872,42.28115,6.62999985180795,46.1710930848582,"MASSACHUSETTS BAY"
134,-70.34,42.3,-70.22,42.2,135,-70.27872,42.28115,5.01999988779426,46.1710930848582,"MASSACHUSETTS BAY"
135,-70.34,42.2,-70.22,42.1,136,-70.27872,42.18115,6.17999986186624,39.7223849880272,"CAPE COD BAY"
136,-70.34,42.2,-70.22,42.1,136,-70.27872,42.18115,4.54499989841133,39.7223849880272,"CAPE COD BAY"
137,-70.34,42.1,-70.22,42,137,-70.27872,42.08115,5.79499987047166,28.5996860124154,"CAPE COD BAY"
138,-70.34,42.1,-70.22,42,137,-70.27872,42.08115,4.21999990567565,28.5996860124154,"CAPE COD BAY"
139,-70.34,42,-70.22,41.9,138,-70.27872,41.98115,5.10499988589436,17.4887617531253,"CAPE COD BAY"
140,-70.34,42,-70.22,41.9,138,-70.27872,41.98115,4.4199999012053,17.4887617531253,"CAPE COD BAY"
141,-70.34,41.9,-70.22,41.8,139,-70.27872,41.88115,4.80499989259988,6.45074507972161,"CAPE COD BAY"
142,-70.34,41.9,-70.22,41.8,139,-70.27872,41.88115,4.05499990936369,6.45074507972161,"CAPE COD BAY"
143,-70.34,41.8,-70.22,41.7,140,-70.27872,41.78115,4.67499989550561,5.02075823822375,"CAPE COD BAY"
144,-70.34,41.8,-70.22,41.7,140,-70.27872,41.78115,3.7049999171868,5.02075823822375,"CAPE COD BAY"
145,-70.25,43.6,-70.13,43.5,142,-70.19211,43.53115,NA,14.8181866894905,"SACO BAY"
146,-70.25,43.5,-70.13,43.4,143,-70.19211,43.43115,NA,13.8468482984312,"SACO BAY"
147,-70.25,43.4,-70.13,43.3,144,-70.19211,43.33115,NA,20.2911800516756,"SACO BAY"
148,-70.25,43.3,-70.13,43.2,145,-70.19211,43.23115,NA,29.6575285051384,"SACO BAY"
149,-70.25,43.2,-70.13,43.1,146,-70.19211,43.13115,NA,33.1387123061213,"WELLS HARBOR"
150,-70.25,43.1,-70.13,43,147,-70.19211,43.03115,NA,39.5210603557755,"WELLS HARBOR"
151,-70.25,43,-70.13,42.9,148,-70.19211,42.93115,NA,41.4624201220927,"GREAT BAY"
152,-70.25,42.9,-70.13,42.8,149,-70.19211,42.83115,NA,46.0695258263246,"MERRIMACK RIVER"
153,-70.25,42.8,-70.13,42.7,150,-70.19211,42.73115,NA,45.9720439609586,"MERRIMACK RIVER"
154,-70.25,42.7,-70.13,42.6,151,-70.19211,42.63115,NA,48.5004410788645,"MERRIMACK RIVER"
155,-70.25,42.6,-70.13,42.5,152,-70.19211,42.53115,NA,53.2822023431907,"MERRIMACK RIVER"
156,-70.25,42.5,-70.13,42.4,153,-70.19211,42.43115,NA,52.0601513466179,"MASSACHUSETTS BAY"
157,-70.25,42.4,-70.13,42.3,154,-70.19211,42.33115,NA,52.1687084679163,"MASSACHUSETTS BAY"
158,-70.25,42.3,-70.13,42.2,155,-70.19211,42.23115,NA,45.6338466408255,"CAPE COD BAY"
159,-70.25,42.2,-70.13,42.1,156,-70.19211,42.13115,NA,34.6215520204353,"CAPE COD BAY"
160,-70.25,42,-70.13,41.9,158,-70.19211,41.93115,NA,13.2129183203446,"CAPE COD BAY"
161,-70.25,41.9,-70.13,41.8,159,-70.19211,41.83115,NA,5.85718803794297,"CAPE COD BAY"
162,-70.16,43.6,-70.05,43.5,162,-70.10551,43.58115,4.78999989293516,12.0395955860844,"CASCO BAY"
163,-70.16,43.6,-70.05,43.5,162,-70.10551,43.58115,3.85499991383404,12.0395955860844,"CASCO BAY"
164,-70.16,43.5,-70.05,43.4,163,-70.10551,43.48115,6.63499985169619,20.1912151566,"SACO BAY"
165,-70.16,43.5,-70.05,43.4,163,-70.10551,43.48115,4.67999989539385,20.1912151566,"SACO BAY"
166,-70.16,43.4,-70.05,43.3,164,-70.10551,43.38115,7.09999984130263,22.45322335604,"SACO BAY"
167,-70.16,43.4,-70.05,43.3,164,-70.10551,43.38115,5.0499998871237,22.45322335604,"SACO BAY"
168,-70.16,43.3,-70.05,43.2,165,-70.10551,43.28115,7.749999826774,29.1281490045127,"SACO BAY"
169,-70.16,43.3,-70.05,43.2,165,-70.10551,43.28115,5.32499988097697,29.1281490045127,"SACO BAY"
170,-70.16,43.2,-70.05,43.1,166,-70.10551,43.18115,7.82999982498586,37.7111742891694,"WELLS HARBOR"
171,-70.16,43.2,-70.05,43.1,166,-70.10551,43.18115,5.68999987281859,37.7111742891694,"WELLS HARBOR"
172,-70.16,43.1,-70.05,43,167,-70.10551,43.08115,7.91999982297421,41.9846557213571,"WELLS HARBOR"
173,-70.16,43.1,-70.05,43,167,-70.10551,43.08115,6.03499986510724,41.9846557213571,"WELLS HARBOR"
174,-70.16,43,-70.05,42.9,168,-70.10551,42.98115,7.72499982733279,47.0833491349455,"GREAT BAY"
175,-70.16,43,-70.05,42.9,168,-70.10551,42.98115,6.08999986387789,47.0833491349455,"GREAT BAY"
176,-70.16,42.9,-70.05,42.8,169,-70.10551,42.88115,7.61999982967973,49.9817305224717,"GREAT BAY"
177,-70.16,42.9,-70.05,42.8,169,-70.10551,42.88115,6.00499986577779,49.9817305224717,"GREAT BAY"
178,-70.16,42.8,-70.05,42.7,170,-70.10551,42.78115,7.5799998305738,52.7582841198986,"MERRIMACK RIVER"
179,-70.16,42.8,-70.05,42.7,170,-70.10551,42.78115,6.17499986197799,52.7582841198986,"MERRIMACK RIVER"
180,-70.16,42.7,-70.05,42.6,171,-70.10551,42.68115,7.6649998286739,53.8470661850148,"MERRIMACK RIVER"
181,-70.16,42.7,-70.05,42.6,171,-70.10551,42.68115,6.31999985873699,53.8470661850148,"MERRIMACK RIVER"
182,-70.16,42.6,-70.05,42.5,172,-70.10551,42.58115,7.69499982800335,57.1262764274386,"MERRIMACK RIVER"
183,-70.16,42.6,-70.05,42.5,172,-70.10551,42.58115,6.25499986018986,57.1262764274386,"MERRIMACK RIVER"
184,-70.16,42.5,-70.05,42.4,173,-70.10551,42.48115,7.76999982632697,59.874258747606,"MASSACHUSETTS BAY"
185,-70.16,42.5,-70.05,42.4,173,-70.10551,42.48115,6.24999986030161,59.874258747606,"MASSACHUSETTS BAY"
186,-70.16,42.4,-70.05,42.3,174,-70.10551,42.38115,7.72499982733279,58.9370932040323,"MASSACHUSETTS BAY"
187,-70.16,42.4,-70.05,42.3,174,-70.10551,42.38115,6.01999986544251,58.9370932040323,"MASSACHUSETTS BAY"
188,-70.16,42.3,-70.05,42.2,175,-70.10551,42.28115,7.50999983213842,52.4539519589316,"CAPE COD BAY"
189,-70.16,42.3,-70.05,42.2,175,-70.10551,42.28115,5.96499986667186,52.4539519589316,"CAPE COD BAY"
190,-70.16,42.2,-70.05,42.1,176,-70.10551,42.18115,7.26999983750284,41.7601824989736,"CAPE COD BAY"
191,-70.16,42.2,-70.05,42.1,176,-70.10551,42.18115,5.80999987013638,41.7601824989736,"CAPE COD BAY"
192,-70.16,42,-70.05,41.9,178,-70.10551,41.98115,4.26999990455806,21.7353419080112,"CAPE COD BAY"
193,-70.16,42,-70.05,41.9,178,-70.10551,41.98115,3.13999992981553,21.7353419080112,"CAPE COD BAY"
194,-70.16,41.9,-70.05,41.8,179,-70.10551,41.88115,3.9349999120459,14.4375055717879,"CAPE COD BAY"
195,-70.16,41.9,-70.05,41.8,179,-70.10551,41.88115,3.04499993193895,14.4375055717879,"CAPE COD BAY"
196,-70.08,43.7,-69.96,43.6,181,-70.01891,43.63115,4.95499988924712,3.82674646976167,"CASCO BAY"
197,-70.08,43.7,-69.96,43.6,181,-70.01891,43.63115,3.80499991495162,3.82674646976167,"CASCO BAY"
198,-70.08,43.6,-69.96,43.5,182,-70.01891,43.53115,5.4849998774007,14.9217028547382,"CASCO BAY"
199,-70.08,43.6,-69.96,43.5,182,-70.01891,43.53115,4.16999990679324,14.9217028547382,"CASCO BAY"
200,-70.08,43.5,-69.96,43.4,183,-70.01891,43.43115,7.00999984331429,26.0482441532851,"CASCO BAY"
201,-70.08,43.5,-69.96,43.4,183,-70.01891,43.43115,4.71999989449978,26.0482441532851,"CASCO BAY"
202,-70.08,43.4,-69.96,43.3,184,-70.01891,43.33115,7.62499982956797,31.2573949271906,"SACO BAY"
203,-70.08,43.4,-69.96,43.3,184,-70.01891,43.33115,5.34499988052994,31.2573949271906,"SACO BAY"
204,-70.08,43.3,-69.96,43.2,185,-70.01891,43.23115,7.89999982342124,38.0235812417117,"SACO BAY"
205,-70.08,43.3,-69.96,43.2,185,-70.01891,43.23115,5.62499987427145,38.0235812417117,"SACO BAY"
206,-70.08,43.2,-69.96,43.1,186,-70.01891,43.13115,7.93499982263893,46.0812404303063,"WELLS HARBOR"
207,-70.08,43.2,-69.96,43.1,186,-70.01891,43.13115,5.90999986790121,46.0812404303063,"WELLS HARBOR"
208,-70.08,43.1,-69.96,43,187,-70.01891,43.03115,7.78999982587993,50.8812094782569,"WELLS HARBOR"
209,-70.08,43.1,-69.96,43,187,-70.01891,43.03115,6.09999986365438,50.8812094782569,"WELLS HARBOR"
210,-70.08,43,-69.96,42.9,188,-70.01891,42.93115,7.72999982722104,55.0761327649968,"GREAT BAY"
211,-70.08,43,-69.96,42.9,188,-70.01891,42.93115,6.21999986097217,55.0761327649968,"GREAT BAY"
212,-70.08,42.9,-69.96,42.8,189,-70.01891,42.83115,7.71499982755631,58.64961957905,"GREAT BAY"
213,-70.08,42.9,-69.96,42.8,189,-70.01891,42.83115,6.2849998595193,58.64961957905,"GREAT BAY"
214,-70.08,42.8,-69.96,42.7,190,-70.01891,42.73115,7.76499982643872,60.0646906980276,"MERRIMACK RIVER"
215,-70.08,42.8,-69.96,42.7,190,-70.01891,42.73115,6.33999985828996,60.0646906980276,"MERRIMACK RIVER"
216,-70.08,42.7,-69.96,42.6,191,-70.01891,42.63115,7.82499982509762,62.0406281869466,"MERRIMACK RIVER"
217,-70.08,42.7,-69.96,42.6,191,-70.01891,42.63115,6.44499985594302,62.0406281869466,"MERRIMACK RIVER"
218,-70.08,42.6,-69.96,42.5,192,-70.01891,42.53115,7.84499982465059,65.8645984835063,"MERRIMACK RIVER"
219,-70.08,42.6,-69.96,42.5,192,-70.01891,42.53115,6.45499985571951,65.8645984835063,"MERRIMACK RIVER"
220,-70.08,42.5,-69.96,42.4,193,-70.01891,42.43115,7.91999982297421,66.2391097998873,"MASSACHUSETTS BAY"
221,-70.08,42.5,-69.96,42.4,193,-70.01891,42.43115,6.39499985706061,66.2391097998873,"MASSACHUSETTS BAY"
222,-70.08,42.4,-69.96,42.3,194,-70.01891,42.33115,7.87499982398003,59.8709398971813,"CAPE COD BAY"
223,-70.08,42.4,-69.96,42.3,194,-70.01891,42.33115,6.35499985795468,59.8709398971813,"CAPE COD BAY"
224,-70.08,42.3,-69.96,42.2,195,-70.01891,42.23115,7.80499982554466,49.5326105657208,"CAPE COD BAY"
225,-70.08,42.3,-69.96,42.2,195,-70.01891,42.23115,6.37499985750765,49.5326105657208,"CAPE COD BAY"
226,-70.08,42.2,-69.96,42.1,196,-70.01891,42.13115,7.64999982900918,39.6266239849661,"CAPE COD BAY"
227,-70.08,42.2,-69.96,42.1,196,-70.01891,42.13115,6.3449998581782,39.6266239849661,"CAPE COD BAY"
228,-69.99,43.7,-69.87,43.6,201,-69.93231,43.68115,NA,6.60523925294683,"CASCO BAY"
229,-69.99,43.6,-69.87,43.5,202,-69.93231,43.58115,NA,11.3043722948082,"CASCO BAY"
230,-69.99,43.5,-69.87,43.4,203,-69.93231,43.48115,NA,21.4426905694107,"CASCO BAY"
231,-69.99,43.4,-69.87,43.3,204,-69.93231,43.38115,NA,32.2432880335732,"CASCO BAY"
232,-69.99,43.3,-69.87,43.2,205,-69.93231,43.28115,NA,40.1323991129684,"SACO BAY"
233,-69.99,43.2,-69.87,43.1,206,-69.93231,43.18115,NA,46.9468256955583,"SACO BAY"
234,-69.99,43.1,-69.87,43,207,-69.93231,43.08115,NA,54.6494130469732,"WELLS HARBOR"
235,-69.99,43,-69.87,42.9,208,-69.93231,42.98115,NA,59.8078047323338,"WELLS HARBOR"
236,-69.99,42.9,-69.87,42.8,209,-69.93231,42.88115,NA,63.3447930256222,"GREAT BAY"
237,-69.99,42.8,-69.87,42.7,210,-69.93231,42.78115,NA,66.9091172419949,"MERRIMACK RIVER"
238,-69.99,42.7,-69.87,42.6,211,-69.93231,42.68115,NA,67.7911000309153,"MERRIMACK RIVER"
239,-69.99,42.6,-69.87,42.5,212,-69.93231,42.58115,NA,70.4433673660495,"MERRIMACK RIVER"
240,-69.99,42.5,-69.87,42.4,213,-69.93231,42.48115,NA,73.915124565486,"MASSACHUSETTS BAY"
241,-69.99,42.4,-69.87,42.3,214,-69.93231,42.38115,NA,67.6870824749181,"CAPE COD BAY"
242,-69.99,42.3,-69.87,42.2,215,-69.93231,42.28115,NA,57.681090928278,"CAPE COD BAY"
243,-69.99,42.2,-69.87,42.1,216,-69.93231,42.18115,NA,48.1717181290791,"CAPE COD BAY"
244,-69.99,42.1,-69.87,42,217,-69.93231,42.08115,NA,39.5191050566028,"CAPE COD BAY"
245,-69.99,42,-69.87,41.9,218,-69.93231,41.98115,NA,32.4167234863391,"CAPE COD BAY"
246,-69.9,43.7,-69.79,43.6,221,-69.8457,43.63115,5.08999988622963,13.8619633631801,"CASCO BAY"
247,-69.9,43.7,-69.79,43.6,221,-69.8457,43.63115,3.87999991327524,13.8619633631801,"CASCO BAY"
248,-69.9,43.6,-69.79,43.5,222,-69.8457,43.53115,5.88999986834824,20.0115589015899,"CASCO BAY"
249,-69.9,43.6,-69.79,43.5,222,-69.8457,43.53115,4.16999990679324,20.0115589015899,"CASCO BAY"
250,-69.9,43.5,-69.79,43.4,223,-69.8457,43.43115,7.5199998319149,29.2679205039048,"CASCO BAY"
251,-69.9,43.5,-69.79,43.4,223,-69.8457,43.43115,4.89499989058822,29.2679205039048,"CASCO BAY"
252,-69.9,43.4,-69.79,43.3,224,-69.8457,43.33115,7.87999982386827,39.5044310316432,"CASCO BAY"
253,-69.9,43.4,-69.79,43.3,224,-69.8457,43.33115,5.39499987941235,39.5044310316432,"CASCO BAY"
254,-69.9,43.3,-69.79,43.2,225,-69.8457,43.23115,8.08499981928617,49.0429351925308,"SACO BAY"
255,-69.9,43.3,-69.79,43.2,225,-69.8457,43.23115,6.04999986477196,49.0429351925308,"SACO BAY"
256,-69.9,43.2,-69.79,43.1,226,-69.8457,43.13115,7.98499982152134,55.887316125258,"SACO BAY"
257,-69.9,43.2,-69.79,43.1,226,-69.8457,43.13115,6.14999986253679,55.887316125258,"SACO BAY"
258,-69.9,43.1,-69.79,43,227,-69.8457,43.03115,7.91499982308596,63.3379805162178,"WELLS HARBOR"
259,-69.9,43.1,-69.79,43,227,-69.8457,43.03115,6.27999985963106,63.3379805162178,"WELLS HARBOR"
260,-69.9,43,-69.79,42.9,228,-69.8457,42.93115,7.93999982252717,68.7551706029509,"WELLS HARBOR"
261,-69.9,43,-69.79,42.9,228,-69.8457,42.93115,6.39999985694885,68.7551706029509,"WELLS HARBOR"
262,-69.9,42.9,-69.79,42.8,229,-69.8457,42.83115,8.03499982040375,71.7965161310464,"GREAT BAY"
263,-69.9,42.9,-69.79,42.8,229,-69.8457,42.83115,6.45999985560775,71.7965161310464,"GREAT BAY"
264,-69.9,42.8,-69.79,42.7,230,-69.8457,42.73115,8.09999981895089,74.1826733723412,"MERRIMACK RIVER"
265,-69.9,42.8,-69.79,42.7,230,-69.8457,42.73115,6.4899998549372,74.1826733723412,"MERRIMACK RIVER"
266,-69.9,42.7,-69.79,42.6,231,-69.8457,42.63115,8.09499981906265,75.8115842312558,"MERRIMACK RIVER"
267,-69.9,42.7,-69.79,42.6,231,-69.8457,42.63115,6.61999985203147,75.8115842312558,"MERRIMACK RIVER"
268,-69.9,42.6,-69.79,42.5,232,-69.8457,42.53115,8.17499981727451,78.9908415133232,"MERRIMACK RIVER"
269,-69.9,42.6,-69.79,42.5,232,-69.8457,42.53115,6.70999985001981,78.9908415133232,"MERRIMACK RIVER"
270,-69.9,42.5,-69.79,42.4,233,-69.8457,42.43115,7.95999982208014,75.7777313387966,"CAPE COD BAY"
271,-69.9,42.5,-69.79,42.4,233,-69.8457,42.43115,6.74999984912574,75.7777313387966,"CAPE COD BAY"
272,-69.9,42.4,-69.79,42.3,234,-69.8457,42.33115,7.98999982140958,66.065209392568,"CAPE COD BAY"
273,-69.9,42.4,-69.79,42.3,234,-69.8457,42.33115,6.72999984957278,66.065209392568,"CAPE COD BAY"
274,-69.9,42.3,-69.79,42.2,235,-69.8457,42.23115,7.94499982241541,56.8752791124066,"CAPE COD BAY"
275,-69.9,42.3,-69.79,42.2,235,-69.8457,42.23115,6.71499984990805,56.8752791124066,"CAPE COD BAY"
276,-69.9,42.2,-69.79,42.1,236,-69.8457,42.13115,7.88499982375652,48.5058863744656,"CAPE COD BAY"
277,-69.9,42.2,-69.79,42.1,236,-69.8457,42.13115,6.87499984633178,48.5058863744656,"CAPE COD BAY"
278,-69.9,42.1,-69.79,42,237,-69.8457,42.03115,7.70499982777983,41.4569995137143,"CAPE COD BAY"
279,-69.9,42.1,-69.79,42,237,-69.8457,42.03115,6.6599998511374,41.4569995137143,"CAPE COD BAY"
280,-69.9,42,-69.79,41.9,238,-69.8457,41.93115,6.52999985404313,36.5018186019809,"CAPE COD BAY"
281,-69.9,42,-69.79,41.9,238,-69.8457,41.93115,5.43999987840652,36.5018186019809,"CAPE COD BAY"
282,-69.9,41.9,-69.79,41.8,239,-69.8457,41.83115,6.14499986264855,34.5531600681782,"CAPE COD BAY"
283,-69.9,41.9,-69.79,41.8,239,-69.8457,41.83115,4.8199998922646,34.5531600681782,"CAPE COD BAY"
284,-69.9,41.8,-69.79,41.7,240,-69.8457,41.73115,5.88999986834824,36.1012068637482,"CAPE COD BAY"
285,-69.9,41.8,-69.79,41.7,240,-69.8457,41.73115,4.69499989505857,36.1012068637482,"CAPE COD BAY"
286,-69.82,43.7,-69.7,43.6,241,-69.7591,43.68115,5.49499987717718,11.3805535210327,"SHEEPSCOT RIVER"
287,-69.82,43.7,-69.7,43.6,241,-69.7591,43.68115,3.58999991975725,11.3805535210327,"SHEEPSCOT RIVER"
288,-69.82,43.6,-69.7,43.5,242,-69.7591,43.58115,6.06499986443669,21.6093735852555,"SHEEPSCOT RIVER"
289,-69.82,43.6,-69.7,43.5,242,-69.7591,43.58115,4.20999990589917,21.6093735852555,"SHEEPSCOT RIVER"
290,-69.82,43.5,-69.7,43.4,243,-69.7591,43.48115,7.47999983280897,28.8595834331191,"CASCO BAY"
291,-69.82,43.5,-69.7,43.4,243,-69.7591,43.48115,5.08499988634139,28.8595834331191,"CASCO BAY"
292,-69.82,43.4,-69.7,43.3,244,-69.7591,43.38115,7.69999982789159,37.594335207503,"CASCO BAY"
293,-69.82,43.4,-69.7,43.3,244,-69.7591,43.38115,5.5699998755008,37.594335207503,"CASCO BAY"
294,-69.82,43.3,-69.7,43.2,245,-69.7591,43.28115,8.00499982107431,47.345879087698,"CASCO BAY"
295,-69.82,43.3,-69.7,43.2,245,-69.7591,43.28115,6.08999986387789,47.345879087698,"CASCO BAY"
296,-69.82,43.2,-69.7,43.1,246,-69.7591,43.18115,8.04499982018024,57.6000888593474,"CASCO BAY"
297,-69.82,43.2,-69.7,43.1,246,-69.7591,43.18115,6.20999986119568,57.6000888593474,"CASCO BAY"
298,-69.82,43.1,-69.7,43,247,-69.7591,43.08115,7.97499982174486,64.838831698047,"SACO BAY"
299,-69.82,43.1,-69.7,43,247,-69.7591,43.08115,6.27499985974282,64.838831698047,"SACO BAY"
300,-69.82,43,-69.7,42.9,248,-69.7591,42.98115,8.00999982096255,72.1038808942794,"WELLS HARBOR"
301,-69.82,43,-69.7,42.9,248,-69.7591,42.98115,6.32999985851347,72.1038808942794,"WELLS HARBOR"
302,-69.82,42.9,-69.7,42.8,249,-69.7591,42.88115,8.10999981872737,76.9754311748753,"GREAT BAY"
303,-69.82,42.9,-69.7,42.8,249,-69.7591,42.88115,6.45499985571951,76.9754311748753,"GREAT BAY"
304,-69.82,42.8,-69.7,42.7,250,-69.7591,42.78115,8.1249998183921,80.3737617789619,"GREAT BAY"
305,-69.82,42.8,-69.7,42.7,250,-69.7591,42.78115,6.5149998543784,80.3737617789619,"GREAT BAY"
306,-69.82,42.7,-69.7,42.6,251,-69.7591,42.68115,8.07999981939793,81.8110916104165,"MERRIMACK RIVER"
307,-69.82,42.7,-69.7,42.6,251,-69.7591,42.68115,6.63999985158443,81.8110916104165,"MERRIMACK RIVER"
308,-69.82,42.6,-69.7,42.5,252,-69.7591,42.58115,8.23499981593341,84.0420442760691,"MERRIMACK RIVER"
309,-69.82,42.6,-69.7,42.5,252,-69.7591,42.58115,6.6599998511374,84.0420442760691,"MERRIMACK RIVER"
310,-69.82,42.5,-69.7,42.4,253,-69.7591,42.48115,8.03499982040375,84.0616035027126,"CAPE COD BAY"
311,-69.82,42.5,-69.7,42.4,253,-69.7591,42.48115,6.76999984867871,84.0616035027126,"CAPE COD BAY"
312,-69.82,42.4,-69.7,42.3,254,-69.7591,42.38115,7.97499982174486,74.6032440806532,"CAPE COD BAY"
313,-69.82,42.4,-69.7,42.3,254,-69.7591,42.38115,6.79499984811991,74.6032440806532,"CAPE COD BAY"
314,-69.82,42.3,-69.7,42.2,255,-69.7591,42.28115,7.98999982140958,65.6716979772944,"CAPE COD BAY"
315,-69.82,42.3,-69.7,42.2,255,-69.7591,42.28115,6.79499984811991,65.6716979772944,"CAPE COD BAY"
316,-69.82,42.2,-69.7,42.1,256,-69.7591,42.18115,7.89999982342124,57.5129276517996,"CAPE COD BAY"
317,-69.82,42.2,-69.7,42.1,256,-69.7591,42.18115,6.90499984566122,57.5129276517996,"CAPE COD BAY"
318,-69.82,42.1,-69.7,42,257,-69.7591,42.08115,7.85499982442707,50.5028595524336,"CAPE COD BAY"
319,-69.82,42.1,-69.7,42,257,-69.7591,42.08115,6.85499984677881,50.5028595524336,"CAPE COD BAY"
320,-69.82,42,-69.7,41.9,258,-69.7591,41.98115,7.29499983694404,45.1793962213139,"CAPE COD BAY"
321,-69.82,42,-69.7,41.9,258,-69.7591,41.98115,6.45499985571951,45.1793962213139,"CAPE COD BAY"
322,-69.82,41.9,-69.7,41.8,259,-69.7591,41.88115,7.02999984286726,42.1859444240349,"CAPE COD BAY"
323,-69.82,41.9,-69.7,41.8,259,-69.7591,41.88115,6.09999986365438,42.1859444240349,"CAPE COD BAY"
324,-69.82,41.8,-69.7,41.7,260,-69.7591,41.78115,6.84499984700233,42.0234103216029,"CAPE COD BAY"
325,-69.82,41.8,-69.7,41.7,260,-69.7591,41.78115,5.48999987728894,42.0234103216029,"CAPE COD BAY"
326,-69.73,43.7,-69.61,43.6,261,-69.6725,43.63115,NA,15.1769757344579,"SHEEPSCOT RIVER"
327,-69.73,43.6,-69.61,43.5,262,-69.6725,43.53115,NA,26.2991906494928,"SHEEPSCOT RIVER"
328,-69.73,43.5,-69.61,43.4,263,-69.6725,43.43115,NA,37.4271939154545,"SHEEPSCOT RIVER"
329,-69.73,43.4,-69.61,43.3,264,-69.6725,43.33115,NA,46.1541928611161,"CASCO BAY"
330,-69.73,43.3,-69.61,43.2,265,-69.6725,43.23115,NA,55.5245699032577,"CASCO BAY"
331,-69.73,43.2,-69.61,43.1,266,-69.6725,43.13115,NA,65.4491044735296,"CASCO BAY"
332,-69.73,43.1,-69.61,43,267,-69.6725,43.03115,NA,73.7993638264048,"SACO BAY"
333,-69.73,43,-69.61,42.9,268,-69.6725,42.93115,NA,80.9239758421,"WELLS HARBOR"
334,-69.73,42.9,-69.61,42.8,269,-69.6725,42.83115,NA,85.2530115949545,"GREAT BAY"
335,-69.73,42.8,-69.61,42.7,270,-69.6725,42.73115,NA,88.3125578834775,"MERRIMACK RIVER"
336,-69.73,42.7,-69.61,42.6,271,-69.6725,42.63115,NA,89.7058296975,"MERRIMACK RIVER"
337,-69.73,42.6,-69.61,42.5,272,-69.6725,42.53115,NA,92.4282894394109,"MERRIMACK RIVER"
338,-69.73,42.5,-69.61,42.4,273,-69.6725,42.43115,NA,83.2466507120731,"CAPE COD BAY"
339,-69.73,42.4,-69.61,42.3,274,-69.6725,42.33115,NA,74.5267645547793,"CAPE COD BAY"
340,-69.73,42.3,-69.61,42.2,275,-69.6725,42.23115,NA,66.5305053097979,"CAPE COD BAY"
341,-69.73,42.2,-69.61,42.1,276,-69.6725,42.13115,NA,59.5500911850881,"CAPE COD BAY"
342,-69.73,42.1,-69.61,42,277,-69.6725,42.03115,NA,53.9810550579678,"CAPE COD BAY"
343,-69.73,42,-69.61,41.9,278,-69.6725,41.93115,NA,50.2944427532942,"CAPE COD BAY"
344,-69.73,41.9,-69.61,41.8,279,-69.6725,41.83115,NA,48.9177203092064,"CAPE COD BAY"
345,-69.73,41.8,-69.61,41.7,280,-69.6725,41.73115,NA,50.0418971496283,"CAPE COD BAY"
346,-69.64,43.7,-69.53,43.6,281,-69.5859,43.68115,6.53499985393137,12.3616259193724,"SHEEPSCOT RIVER"
347,-69.64,43.7,-69.53,43.6,281,-69.5859,43.68115,3.9349999120459,12.3616259193724,"SHEEPSCOT RIVER"
348,-69.64,43.6,-69.53,43.5,282,-69.5859,43.58115,6.77499984856695,22.1426431185833,"SHEEPSCOT RIVER"
349,-69.64,43.6,-69.53,43.5,282,-69.5859,43.58115,4.12999990768731,22.1426431185833,"SHEEPSCOT RIVER"
350,-69.64,43.5,-69.53,43.4,283,-69.5859,43.48115,7.16999983973801,32.7967063946042,"SHEEPSCOT RIVER"
351,-69.64,43.5,-69.53,43.4,283,-69.5859,43.48115,5.64999987371266,32.7967063946042,"SHEEPSCOT RIVER"
352,-69.64,43.4,-69.53,43.3,284,-69.5859,43.38115,7.5199998319149,43.689720913969,"SHEEPSCOT RIVER"
353,-69.64,43.4,-69.53,43.3,284,-69.5859,43.38115,5.76999987103045,43.689720913969,"SHEEPSCOT RIVER"
354,-69.64,43.3,-69.53,43.2,285,-69.5859,43.28115,7.90499982330948,54.6790630305225,"SHEEPSCOT RIVER"
355,-69.64,43.3,-69.53,43.2,285,-69.5859,43.28115,6.00499986577779,54.6790630305225,"SHEEPSCOT RIVER"
356,-69.64,43.2,-69.53,43.1,286,-69.5859,43.18115,8.08499981928617,63.9130489079465,"CASCO BAY"
357,-69.64,43.2,-69.53,43.1,286,-69.5859,43.18115,6.13499986287206,63.9130489079465,"CASCO BAY"
358,-69.64,43.1,-69.53,43,287,-69.5859,43.08115,8.04999982006848,73.5534837709218,"CASCO BAY"
359,-69.64,43.1,-69.53,43,287,-69.5859,43.08115,6.18499986175448,73.5534837709218,"CASCO BAY"
360,-69.64,43,-69.53,42.9,288,-69.5859,42.98115,8.14499981794506,82.767432974688,"SACO BAY"
361,-69.64,43,-69.53,42.9,288,-69.5859,42.98115,6.29499985929579,82.767432974688,"SACO BAY"
362,-69.64,42.9,-69.53,42.8,289,-69.5859,42.88115,8.24499981570989,89.7836282390904,"WELLS HARBOR"
363,-69.64,42.9,-69.53,42.8,289,-69.5859,42.88115,6.31999985873699,89.7836282390904,"WELLS HARBOR"
364,-69.64,42.8,-69.53,42.7,290,-69.5859,42.78115,8.21999981626868,93.6716515916335,"GREAT BAY"
365,-69.64,42.8,-69.53,42.7,290,-69.5859,42.78115,6.37499985750765,93.6716515916335,"GREAT BAY"
366,-69.64,42.7,-69.53,42.6,291,-69.5859,42.68115,8.21999981626868,95.872414858839,"MERRIMACK RIVER"
367,-69.64,42.7,-69.53,42.6,291,-69.5859,42.68115,6.58499985281378,95.872414858839,"MERRIMACK RIVER"
368,-69.64,42.6,-69.53,42.5,292,-69.5859,42.58115,8.25999981537461,97.8036383000366,"MERRIMACK RIVER"
369,-69.64,42.6,-69.53,42.5,292,-69.5859,42.58115,6.64999985136092,97.8036383000366,"MERRIMACK RIVER"
370,-69.64,42.5,-69.53,42.4,293,-69.5859,42.48115,8.02499982062727,91.9643902835102,"CAPE COD BAY"
371,-69.64,42.5,-69.53,42.4,293,-69.5859,42.48115,6.83999984711409,91.9643902835102,"CAPE COD BAY"
372,-69.64,42.4,-69.53,42.3,294,-69.5859,42.38115,7.96499982196838,83.420336573203,"CAPE COD BAY"
373,-69.64,42.4,-69.53,42.3,294,-69.5859,42.38115,6.86499984655529,83.420336573203,"CAPE COD BAY"
374,-69.64,42.3,-69.53,42.2,295,-69.5859,42.28115,7.95999982208014,75.5532277089135,"CAPE COD BAY"
375,-69.64,42.3,-69.53,42.2,295,-69.5859,42.28115,6.79999984800816,75.5532277089135,"CAPE COD BAY"
376,-69.64,42.2,-69.53,42.1,296,-69.5859,42.18115,7.98999982140958,68.5963706768934,"CAPE COD BAY"
377,-69.64,42.2,-69.53,42.1,296,-69.5859,42.18115,6.96999984420836,68.5963706768934,"CAPE COD BAY"
378,-69.64,42.1,-69.53,42,297,-69.5859,42.08115,7.96499982196838,62.8527494424057,"CAPE COD BAY"
379,-69.64,42.1,-69.53,42,297,-69.5859,42.08115,7.02999984286726,62.8527494424057,"CAPE COD BAY"
380,-69.64,42,-69.53,41.9,298,-69.5859,41.98115,7.81499982532114,58.6797098200616,"CAPE COD BAY"
381,-69.64,42,-69.53,41.9,298,-69.5859,41.98115,7.06999984197319,58.6797098200616,"CAPE COD BAY"
382,-69.64,41.9,-69.53,41.8,299,-69.5859,41.88115,7.82999982498586,56.4267912109494,"CAPE COD BAY"
383,-69.64,41.9,-69.53,41.8,299,-69.5859,41.88115,7.09999984130263,56.4267912109494,"CAPE COD BAY"
384,-69.64,41.8,-69.53,41.7,300,-69.5859,41.78115,7.84999982453883,56.3248735274073,"CAPE COD BAY"
385,-69.64,41.8,-69.53,41.7,300,-69.5859,41.78115,6.87999984622002,56.3248735274073,"CAPE COD BAY"
386,-69.56,43.7,-69.44,43.6,301,-69.49929,43.63115,6.70499985013157,21.1655942119272,"SHEEPSCOT RIVER"
387,-69.56,43.7,-69.44,43.6,301,-69.49929,43.63115,4.25999990478158,21.1655942119272,"SHEEPSCOT RIVER"
388,-69.56,43.6,-69.44,43.5,302,-69.49929,43.53115,7.04499984253198,30.1604280764445,"SHEEPSCOT RIVER"
389,-69.56,43.6,-69.44,43.5,302,-69.49929,43.53115,4.67499989550561,30.1604280764445,"SHEEPSCOT RIVER"
390,-69.56,43.5,-69.44,43.4,303,-69.49929,43.43115,7.86499982420355,40.238794755488,"SHEEPSCOT RIVER"
391,-69.56,43.5,-69.44,43.4,303,-69.49929,43.43115,5.94999986700714,40.238794755488,"SHEEPSCOT RIVER"
392,-69.56,43.4,-69.44,43.3,304,-69.49929,43.33115,8.04999982006848,50.7593333604836,"SHEEPSCOT RIVER"
393,-69.56,43.4,-69.44,43.3,304,-69.49929,43.33115,5.95499986689538,50.7593333604836,"SHEEPSCOT RIVER"
394,-69.56,43.3,-69.44,43.2,305,-69.49929,43.23115,8.23499981593341,61.4955232616931,"SHEEPSCOT RIVER"
395,-69.56,43.3,-69.44,43.2,305,-69.49929,43.23115,6.06499986443669,61.4955232616931,"SHEEPSCOT RIVER"
396,-69.56,43.2,-69.44,43.1,306,-69.49929,43.13115,8.18499981705099,72.3514269206575,"SHEEPSCOT RIVER"
397,-69.56,43.2,-69.44,43.1,306,-69.49929,43.13115,6.24999986030161,72.3514269206575,"SHEEPSCOT RIVER"
398,-69.56,43.1,-69.44,43,307,-69.49929,43.03115,8.11999981850386,81.8392735367994,"CASCO BAY"
399,-69.56,43.1,-69.44,43,307,-69.49929,43.03115,6.22999986074865,81.8392735367994,"CASCO BAY"
400,-69.56,43,-69.44,42.9,308,-69.49929,42.93115,8.10999981872737,91.6271293187532,"CASCO BAY"
401,-69.56,43,-69.44,42.9,308,-69.49929,42.93115,6.17499986197799,91.6271293187532,"CASCO BAY"
402,-69.56,42.9,-69.44,42.8,309,-69.49929,42.83115,8.18999981693923,98.6741024677243,"WELLS HARBOR"
403,-69.56,42.9,-69.44,42.8,309,-69.49929,42.83115,6.20999986119568,98.6741024677243,"WELLS HARBOR"
404,-69.56,42.8,-69.44,42.7,310,-69.49929,42.73115,8.26499981526285,102.198432832452,"GREAT BAY"
405,-69.56,42.8,-69.44,42.7,310,-69.49929,42.73115,6.3449998581782,102.198432832452,"GREAT BAY"
406,-69.56,42.7,-69.44,42.6,311,-69.49929,42.63115,8.18999981693923,103.675041213882,"MERRIMACK RIVER"
407,-69.56,42.7,-69.44,42.6,311,-69.49929,42.63115,6.49499985482544,103.675041213882,"MERRIMACK RIVER"
408,-69.56,42.6,-69.44,42.5,312,-69.49929,42.53115,8.19499981682748,100.736462196015,"CAPE COD BAY"
409,-69.56,42.6,-69.44,42.5,312,-69.49929,42.53115,6.54499985370785,100.736462196015,"CAPE COD BAY"
410,-69.56,42.5,-69.44,42.4,313,-69.49929,42.43115,8.1249998183921,92.3405234137726,"CAPE COD BAY"
411,-69.56,42.5,-69.44,42.4,313,-69.49929,42.43115,6.74999984912574,92.3405234137726,"CAPE COD BAY"
412,-69.56,42.4,-69.44,42.3,314,-69.49929,42.33115,7.95999982208014,84.578615266902,"CAPE COD BAY"
413,-69.56,42.4,-69.44,42.3,314,-69.49929,42.33115,6.77999984845519,84.578615266902,"CAPE COD BAY"
414,-69.56,42.3,-69.44,42.2,315,-69.49929,42.23115,8.01999982073903,77.6411263718569,"CAPE COD BAY"
415,-69.56,42.3,-69.44,42.2,315,-69.49929,42.23115,6.81999984756112,77.6411263718569,"CAPE COD BAY"
416,-69.56,42.2,-69.44,42.1,316,-69.49929,42.13115,8.00499982107431,71.7675365042683,"CAPE COD BAY"
417,-69.56,42.2,-69.44,42.1,316,-69.49929,42.13115,6.91499984543771,71.7675365042683,"CAPE COD BAY"
418,-69.56,42.1,-69.44,42,317,-69.49929,42.03115,7.9799998216331,67.2372406880239,"CAPE COD BAY"
419,-69.56,42.1,-69.44,42,317,-69.49929,42.03115,6.99999984353781,67.2372406880239,"CAPE COD BAY"
420,-69.56,42,-69.44,41.9,318,-69.49929,41.93115,7.77999982610345,64.3346424773185,"CAPE COD BAY"
421,-69.56,42,-69.44,41.9,318,-69.49929,41.93115,7.1449998402968,64.3346424773185,"CAPE COD BAY"
422,-69.56,41.9,-69.44,41.8,319,-69.49929,41.83115,7.74499982688576,63.2841082575818,"CAPE COD BAY"
423,-69.56,41.9,-69.44,41.8,319,-69.49929,41.83115,7.19499983917922,63.2841082575818,"CAPE COD BAY"
424,-69.56,41.8,-69.44,41.7,320,-69.49929,41.73115,7.84499982465059,64.1766541755558,"CAPE COD BAY"
425,-69.56,41.8,-69.44,41.7,320,-69.49929,41.73115,7.01499984320253,64.1766541755558,"CAPE COD BAY"
