"","grid_id","month","number_of_fish","average_fish_length","percent_male","percent_spawning","averge_tow_weight","percent_Resting_maturity_fish","percent_Ripe_maturity_fish","percent_Ripe...Running_maturity_fish","percent_Spent_maturity_fish","X","air_temperatures_deg_f","atmospheric_pressure_mb","visibility_m","wave_height_m","wave_period_s","wind_direction_degrees","wind_gust_m.s","wind_speed_m.s","sediement_NA_flag","temp"
"1",13,6,1,1022,0,1,2,0,1,0,0,5,54.4687161585719,1013.72892717124,2591.32107480523,1.1942866447992,7.26828534267837,200.165015394806,6.01288587061186,5.08163724772742,0,6.23499986063689
"2",13,6,1,1022,0,1,2,0,1,0,0,5,54.4687161585719,1013.72892717124,2591.32107480523,1.1942866447992,7.26828534267837,200.165015394806,6.01288587061186,5.08163724772742,0,4.77499989327043
"3",14,5,2,899,0.5,0,2,1,0,0,0,16,46.9929723802437,1015.64810907749,2528.40659106527,1.34858108622698,7.41800211275504,185.544807703035,6.43771039646415,5.41263456031317,0,4.65999989584088
"4",14,5,2,899,0.5,0,2,1,0,0,0,16,46.9929723802437,1015.64810907749,2528.40659106527,1.34858108622698,7.41800211275504,185.544807703035,6.43771039646415,5.41263456031317,0,5.12999988533556
"5",30,6,1,1142,1,0,2,1,0,0,0,65,54.4687185524111,1013.72892671793,2591.32145717534,1.19428634610311,7.26828449371758,200.16502644666,6.01288629425717,5.08163757074612,0,NA
"6",32,5,7,291.857142857143,0.428571428571429,0.714285714285714,21.79,0.142857142857143,0.142857142857143,0.571428571428571,0.142857142857143,76,46.99297812401,1015.64811148311,2528.40769187339,1.34858052346753,7.41800072738771,185.544806912372,6.43771091143357,5.41263494019691,0,NA
"7",33,4,1,86,1,0,4.25,1,0,0,0,87,40.1944488792387,1014.77901626185,2700.83327213007,1.92160254908867,7.88434013576526,198.728650209604,8.23636414269106,6.79031016054612,0,NA
"8",33,5,6,240.333333333333,0.5,0,15.06,1,0,0,0,88,46.9929803777458,1015.64811242702,2528.40812380788,1.34858030265229,7.41800018379804,185.544806602132,6.43771111349698,5.41263508925548,0,NA
"9",33,10,2,225.5,0,0,17.48,1,0,0,0,93,56.3740796781741,1015.81590116216,2718.91970198225,1.89700282189095,7.52326880707065,196.669346377769,9.02108006807267,7.39558872196463,0,NA
"10",34,5,3,240.333333333333,0.666666666666667,0,5.37,1,0,0,0,100,46.9929826268303,1015.64811336899,2528.40855485092,1.34858008229278,7.41799964133025,185.544806292533,6.43771131514337,5.41263523800642,0,NA
"11",34,6,4,1027.75,0.5,0,6.78,1,0,0,0,101,54.4687247826044,1013.72892553816,2591.32245232975,1.19428556871825,7.26828228421674,200.165055210155,6.01288739683419,5.08163841143288,0,NA
"12",49,5,9,303.444444444444,0.666666666666667,1,24.27,0,0.333333333333333,0.666666666666667,0,148,46.9929792556236,1015.64811195705,2528.40790875016,1.34858041259494,7.41800045444823,185.544806756599,6.43771101289076,5.41263501504007,0,6.7199998497963
"13",49,5,9,303.444444444444,0.666666666666667,1,24.27,0,0.333333333333333,0.666666666666667,0,148,46.9929792556236,1015.64811195705,2528.40790875016,1.34858041259494,7.41800045444823,185.544806756599,6.43771101289076,5.41263501504007,0,4.54999989829957
"14",49,6,9,317.333333333333,0.888888888888889,0.555555555555556,26.32,0,0.111111111111111,0.444444444444444,0.444444444444444,149,54.4687224551791,1013.72892597889,2591.32208056799,1.19428585912741,7.26828310962423,200.165044464921,6.01288698494236,5.0816380973759,0,6.7199998497963
"15",49,6,9,317.333333333333,0.888888888888889,0.555555555555556,26.32,0,0.111111111111111,0.444444444444444,0.444444444444444,149,54.4687224551791,1013.72892597889,2591.32208056799,1.19428585912741,7.26828310962423,200.165044464921,6.01288698494236,5.0816380973759,0,4.54999989829957
"16",49,7,10,278.9,0.9,0.6,16.083,0.4,0,0.6,0,150,62.1274331040728,1014.30016292537,2367.93495031378,1.11733145018726,7.34919061172733,194.858505230715,5.46958575381591,4.61699238818987,0,6.7199998497963
"17",49,7,10,278.9,0.9,0.6,16.083,0.4,0,0.6,0,150,62.1274331040728,1014.30016292537,2367.93495031378,1.11733145018726,7.34919061172733,194.858505230715,5.46958575381591,4.61699238818987,0,4.54999989829957
"18",50,4,1,1394,1,1,3,0,0,1,0,159,40.1944492482017,1014.7790161231,2700.83342944821,1.92160239727617,7.88433979345637,198.728653366267,8.23636431870394,6.79031028792761,0,4.35999990254641
"19",50,4,1,1394,1,1,3,0,0,1,0,159,40.1944492482017,1014.7790161231,2700.83342944821,1.92160239727617,7.88433979345637,198.728653366267,8.23636431870394,6.79031028792761,0,6.61499985214323
"20",50,6,2,225.5,0.5,0,1.78,1,0,0,0,161,54.4687240267079,1013.7289256813,2591.32233158972,1.19428566303675,7.26828255229091,200.16505172034,6.01288726306079,5.08163830943409,0,4.35999990254641
"21",50,6,2,225.5,0.5,0,1.78,1,0,0,0,161,54.4687240267079,1013.7289256813,2591.32233158972,1.19428566303675,7.26828255229091,200.16505172034,6.01288726306079,5.08163830943409,0,6.61499985214323
"22",50,7,3,668.333333333333,0.666666666666667,0.333333333333333,5.01333333333333,0.666666666666667,0.333333333333333,0,0,162,62.127433691516,1014.30016239534,2367.93517935566,1.11733124520989,7.34919011165643,194.858507743523,5.46958600821226,4.61699262319016,0,4.35999990254641
"23",50,7,3,668.333333333333,0.666666666666667,0.333333333333333,5.01333333333333,0.666666666666667,0.333333333333333,0,0,162,62.127433691516,1014.30016239534,2367.93517935566,1.11733124520989,7.34919011165643,194.858507743523,5.46958600821226,4.61699262319016,0,6.61499985214323
"24",54,4,5,1449.8,0.2,0.4,25,0.6,0.2,0.2,0,195,40.1944521440684,1014.77901503415,2700.83466418558,1.92160120575076,7.88433710678854,198.728678141861,8.23636570017006,6.79031128770224,0,6.63499985169619
"25",54,4,5,1449.8,0.2,0.4,25,0.6,0.2,0.2,0,195,40.1944521440684,1014.77901503415,2700.83466418558,1.92160120575076,7.88433710678854,198.728678141861,8.23636570017006,6.79031128770224,0,5.12999988533556
"26",54,5,3,1331.66666666667,0.333333333333333,0.666666666666667,16,0,0.333333333333333,0.333333333333333,0.333333333333333,196,46.9929905907937,1015.64811670448,2528.41008116576,1.34857930200412,7.4179977204626,185.544805196247,6.43771202916923,5.41263576473055,0,6.63499985169619
"27",54,5,3,1331.66666666667,0.333333333333333,0.666666666666667,16,0,0.333333333333333,0.333333333333333,0.333333333333333,196,46.9929905907937,1015.64811670448,2528.41008116576,1.34857930200412,7.4179977204626,185.544805196247,6.43771202916923,5.41263576473055,0,5.12999988533556
"28",54,10,1,184,0,0,1.11,1,0,0,0,201,56.3740707024158,1015.81590563782,2718.91948308313,1.89700115553564,7.52326514333938,196.669337311404,9.02108008716529,7.3955889798347,0,6.63499985169619
"29",54,10,1,184,0,0,1.11,1,0,0,0,201,56.3740707024158,1015.81590563782,2718.91948308313,1.89700115553564,7.52326514333938,196.669337311404,9.02108008716529,7.3955889798347,0,5.12999988533556
"30",54,11,45,345.044444444444,0.688888888888889,0.888888888888889,405.73,0.0444444444444444,0.266666666666667,0.622222222222222,0.0666666666666667,202,48.1990117300618,1015.56841915218,2797.82261311866,2.083780978305,7.44528879719009,210.743045329598,9.87883909669599,7.97266007704131,0,6.63499985169619
"31",54,11,45,345.044444444444,0.688888888888889,0.888888888888889,405.73,0.0444444444444444,0.266666666666667,0.622222222222222,0.0666666666666667,202,48.1990117300618,1015.56841915218,2797.82261311866,2.083780978305,7.44528879719009,210.743045329598,9.87883909669599,7.97266007704131,0,5.12999988533556
"32",54,12,39,327.564102564103,0.897435897435897,0.974358974358974,423.88,0.0256410256410256,0.128205128205128,0.846153846153846,0,203,41.9065600760553,1016.20873568242,2759.29305583118,2.2318680538844,7.55493453961567,215.399691970633,10.5360473255106,8.43509242837157,0,6.63499985169619
"33",54,12,39,327.564102564103,0.897435897435897,0.974358974358974,423.88,0.0256410256410256,0.128205128205128,0.846153846153846,0,203,41.9065600760553,1016.20873568242,2759.29305583118,2.2318680538844,7.55493453961567,215.399691970633,10.5360473255106,8.43509242837157,0,5.12999988533556
"34",55,1,1,113,1,1,0.64,0,0,1,0,204,36.9223143283959,1013.55649294586,2653.38553904923,2.78927027126695,8.20348920753887,212.222119870531,11.6629071051925,9.32121642906386,0,6.15999986231327
"35",55,1,1,113,1,1,0.64,0,0,1,0,204,36.9223143283959,1013.55649294586,2653.38553904923,2.78927027126695,8.20348920753887,212.222119870531,11.6629071051925,9.32121642906386,0,4.92999988980591
"36",55,4,1,318,0,0,2.42,0,0,0,1,207,40.1944528643291,1014.7790147633,2700.83497128978,1.92160090939424,7.88433643855981,198.728684304053,8.23636604376868,6.79031153636645,0,6.15999986231327
"37",55,4,1,318,0,0,2.42,0,0,0,1,207,40.1944528643291,1014.7790147633,2700.83497128978,1.92160090939424,7.88433643855981,198.728684304053,8.23636604376868,6.79031153636645,0,4.92999988980591
"38",55,12,1,166,1,1,0.89,0,1,0,0,215,41.9065568166663,1016.20873514246,2759.29311524592,2.23186763210427,7.55493360085227,215.399702239936,10.5360477226962,8.43509267975223,0,6.15999986231327
"39",55,12,1,166,1,1,0.89,0,1,0,0,215,41.9065568166663,1016.20873514246,2759.29311524592,2.23186763210427,7.55493360085227,215.399702239936,10.5360477226962,8.43509267975223,0,4.92999988980591
"40",56,1,1,196,0,0,1.03,1,0,0,0,216,36.9223103105505,1013.55649395133,2653.38550943491,2.78926972627401,8.20348829480169,212.222124482049,11.6629077224115,9.32121687238512,0,4.16999990679324
"41",56,1,1,196,0,0,1.03,1,0,0,0,216,36.9223103105505,1013.55649395133,2653.38550943491,2.78926972627401,8.20348829480169,212.222124482049,11.6629077224115,9.32121687238512,0,4.75999989360571
"42",56,6,1,368,1,0,3.59,1,0,0,0,221,54.4687333886284,1013.72892390848,2591.32382697774,1.19428449488436,7.26827923214175,200.165094942363,6.01288891986948,5.0816395727083,0,4.16999990679324
"43",56,6,1,368,1,0,3.59,1,0,0,0,221,54.4687333886284,1013.72892390848,2591.32382697774,1.19428449488436,7.26827923214175,200.165094942363,6.01288891986948,5.0816395727083,0,4.75999989360571
"44",69,5,7,640.857142857143,0.857142857142857,1,7.09142857142857,0,0.142857142857143,0.857142857142857,0,292,46.992989420083,1015.64811621416,2528.40985679592,1.34857941670735,7.4179980028321,185.544805357402,6.4377119242067,5.41263568730156,0,6.94499984476715
"45",69,5,7,640.857142857143,0.857142857142857,1,7.09142857142857,0,0.142857142857143,0.857142857142857,0,292,46.992989420083,1015.64811621416,2528.40985679592,1.34857941670735,7.4179980028321,185.544805357402,6.4377119242067,5.41263568730156,0,5.0249998876825
"46",69,6,5,239.8,0.4,0.4,22.41,0.4,0.4,0,0.2,293,54.4687294725537,1013.72892465005,2591.32320145959,1.19428498352043,7.26828062095425,200.165076862667,6.01288822682935,5.08163904428294,0,6.94499984476715
"47",69,6,5,239.8,0.4,0.4,22.41,0.4,0.4,0,0.2,293,54.4687294725537,1013.72892465005,2591.32320145959,1.19428498352043,7.26828062095425,200.165076862667,6.01288822682935,5.08163904428294,0,5.0249998876825
"48",69,11,1,313,1,0,13.38,1,0,0,0,298,48.1990130356189,1015.56841881006,2797.82260788922,2.08378119077821,7.44528923930274,210.743043389534,9.87883901272383,7.97266001369206,0,6.94499984476715
"49",69,11,1,313,1,0,13.38,1,0,0,0,298,48.1990130356189,1015.56841881006,2797.82260788922,2.08378119077821,7.44528923930274,210.743043389534,9.87883901272383,7.97266001369206,0,5.0249998876825
"50",70,5,3,261.666666666667,1,0,9.82,0.666666666666667,0,0,0.333333333333333,304,46.9929917003781,1015.6481171692,2528.41029382057,1.3485791932899,7.41799745283647,185.544805043506,6.43771212865135,5.41263583811673,0,5.1099998857826
"51",70,5,3,261.666666666667,1,0,9.82,0.666666666666667,0,0,0.333333333333333,304,46.9929917003781,1015.6481171692,2528.41029382057,1.3485791932899,7.41799745283647,185.544805043506,6.43771212865135,5.41263583811673,0,7.02499984297901
"52",70,6,1,1317,1,0,2,1,0,0,0,305,54.4687310468317,1013.72892435194,2591.32345292044,1.19428478708673,7.26828006264595,200.165084130779,6.01288850543431,5.0816392567121,0,5.1099998857826
"53",70,6,1,1317,1,0,2,1,0,0,0,305,54.4687310468317,1013.72892435194,2591.32345292044,1.19428478708673,7.26828006264595,200.165084130779,6.01288850543431,5.0816392567121,0,7.02499984297901
"54",70,10,2,264.5,0,0,8.37,1,0,0,0,309,56.3740697272553,1015.81590612407,2718.91945930109,1.89700097449646,7.52326474529767,196.6693363264,9.02108008923959,7.39558900785069,0,5.1099998857826
"55",70,10,2,264.5,0,0,8.37,1,0,0,0,309,56.3740697272553,1015.81590612407,2718.91945930109,1.89700097449646,7.52326474529767,196.6693363264,9.02108008923959,7.39558900785069,0,7.02499984297901
"56",70,11,3,276.666666666667,1,0,8.46,1,0,0,0,310,48.1990104926718,1015.56841947644,2797.82261807507,2.08378077692565,7.44528837816148,210.743047168366,9.87883917628371,7.97266013708291,0,5.1099998857826
"57",70,11,3,276.666666666667,1,0,8.46,1,0,0,0,310,48.1990104926718,1015.56841947644,2797.82261807507,2.08378077692565,7.44528837816148,210.743047168366,9.87883917628371,7.97266013708291,0,7.02499984297901
"58",71,6,1,261,1,0,3.89,1,0,0,0,317,54.4687326179168,1013.72892405443,2591.32370387127,1.19428459105144,7.26827950547002,200.165091384149,6.0128887834742,5.0816394687104,0,4.70499989483505
"59",71,6,1,261,1,0,3.89,1,0,0,0,317,54.4687326179168,1013.72892405443,2591.32370387127,1.19428459105144,7.26827950547002,200.165091384149,6.0128887834742,5.0816394687104,0,6.86499984655529
"60",71,7,3,271.666666666667,0.333333333333333,0,5.9,1,0,0,0,318,62.1274369029415,1014.30015949778,2367.93643147816,1.11733012464281,7.34918737787679,194.858521480501,5.46958739894217,4.61699390788601,0,4.70499989483505
"61",71,7,3,271.666666666667,0.333333333333333,0,5.9,1,0,0,0,318,62.1274369029415,1014.30015949778,2367.93643147816,1.11733012464281,7.34918737787679,194.858521480501,5.46958739894217,4.61699390788601,0,6.86499984655529
"62",72,4,12,301.333333333333,0.75,0.416666666666667,35.18,0.583333333333333,0.25,0.166666666666667,0,327,40.1944539522317,1014.77901435421,2700.83543514886,1.92160046176878,7.88433542924778,198.728693611606,8.23636656274998,6.79031191195607,0,6.35999985784292
"63",72,4,12,301.333333333333,0.75,0.416666666666667,35.18,0.583333333333333,0.25,0.166666666666667,0,327,40.1944539522317,1014.77901435421,2700.83543514886,1.92160046176878,7.88433542924778,198.728693611606,8.23636656274998,6.79031191195607,0,4.4799998998642
"64",72,5,3,277.333333333333,0.333333333333333,0,8.32,0.666666666666667,0,0,0.333333333333333,328,46.9929962470948,1015.64811907346,2528.41116521094,1.34857874781429,7.41799635619144,185.544804417625,6.43771253629677,5.41263613882948,0,6.35999985784292
"65",72,5,3,277.333333333333,0.333333333333333,0,8.32,0.666666666666667,0,0,0.333333333333333,328,46.9929962470948,1015.64811907346,2528.41116521094,1.34857874781429,7.41799635619144,185.544804417625,6.43771253629677,5.41263613882948,0,4.4799998998642
"66",72,12,1,273,1,0,5.25,0,0,0,1,335,41.9065518935908,1016.2087343269,2759.29320498766,2.23186699503537,7.55493218291685,215.399717750988,10.5360483226167,8.43509305944487,0,6.35999985784292
"67",72,12,1,273,1,0,5.25,0,0,0,1,335,41.9065518935908,1016.2087343269,2759.29320498766,2.23186699503537,7.55493218291685,215.399717750988,10.5360483226167,8.43509305944487,0,4.4799998998642
"68",73,4,2,343,1,0,5.23,1,0,0,0,339,40.1944546767449,1014.77901408176,2700.83574406622,1.92160016366257,7.88433475707381,198.72869981018,8.23636690837722,6.7903121620884,0,5.15999988466501
"69",73,4,2,343,1,0,5.23,1,0,0,0,339,40.1944546767449,1014.77901408176,2700.83574406622,1.92160016366257,7.88433475707381,198.72869981018,8.23636690837722,6.7903121620884,0,6.82499984744936
"70",73,5,1,470,0,0,5.28,1,0,0,0,340,46.9929985135186,1015.64812002269,2528.41159957711,1.34857852575592,7.41799580954149,185.544804105638,6.43771273949775,5.41263628872721,0,5.15999988466501
"71",73,5,1,470,0,0,5.28,1,0,0,0,340,46.9929985135186,1015.64812002269,2528.41159957711,1.34857852575592,7.41799580954149,185.544804105638,6.43771273949775,5.41263628872721,0,6.82499984744936
"72",73,6,1,309,0,0,2.68,1,0,0,0,341,54.4687357505112,1013.72892346123,2591.32420424341,1.1942842001757,7.26827839451412,200.16510584668,6.01288933785935,5.08163989141488,0,5.15999988466501
"73",73,6,1,309,0,0,2.68,1,0,0,0,341,54.4687357505112,1013.72892346123,2591.32420424341,1.1942842001757,7.26827839451412,200.16510584668,6.01288933785935,5.08163989141488,0,6.82499984744936
"74",73,10,1,362,0,0,8.52,1,0,0,0,345,56.3740637395126,1015.81590910979,2718.91931327314,1.89699986286819,7.52326230121673,196.669330278213,9.02108010197631,7.39558917987622,0,5.15999988466501
"75",73,10,1,362,0,0,8.52,1,0,0,0,345,56.3740637395126,1015.81590910979,2718.91931327314,1.89699986286819,7.52326230121673,196.669330278213,9.02108010197631,7.39558917987622,0,6.82499984744936
"76",74,4,2,278.5,0,0,4.06,0.5,0,0,0.5,351,40.1944553997807,1014.77901380987,2700.83605235365,1.92159986616424,7.8843340862705,198.728705996114,8.23636725329966,6.79031241171067,0,5.17999988421798
"77",74,4,2,278.5,0,0,4.06,0.5,0,0,0.5,351,40.1944553997807,1014.77901380987,2700.83605235365,1.92159986616424,7.8843340862705,198.728705996114,8.23636725329966,6.79031241171067,0,6.78999984823167
"78",74,7,1,233,0,0,1.34,1,0,0,0,354,62.1274386576153,1014.30015791459,2367.93711561876,1.11732951238209,7.34918588418136,194.858528986176,5.46958815881575,4.6169946098242,0,5.17999988421798
"79",74,7,1,233,0,0,1.34,1,0,0,0,354,62.1274386576153,1014.30015791459,2367.93711561876,1.11732951238209,7.34918588418136,194.858528986176,5.46958815881575,4.6169946098242,0,6.78999984823167
"80",74,12,46,357.195652173913,0.456521739130435,0.934782608695652,139.309130434782,0.0217391304347826,0.434782608695652,0.5,0.0434782608695652,359,41.9065453430115,1016.20873324171,2759.29332439685,2.23186614735987,7.55493029623066,215.399738389789,10.5360491208631,8.43509356465889,0,5.17999988421798
"81",74,12,46,357.195652173913,0.456521739130435,0.934782608695652,139.309130434782,0.0217391304347826,0.434782608695652,0.5,0.0434782608695652,359,41.9065453430115,1016.20873324171,2759.29332439685,2.23186614735987,7.55493029623066,215.399738389789,10.5360491208631,8.43509356465889,0,6.78999984823167
"82",75,5,3,166.666666666667,0.666666666666667,0.333333333333333,4.3,0.666666666666667,0,0.333333333333333,0,364,46.9930030325025,1015.64812191535,2528.41246565243,1.3485780829975,7.41799471958546,185.544803483574,6.43771314465674,5.41263658760576,0,6.34999985806644
"83",75,5,3,166.666666666667,0.666666666666667,0.333333333333333,4.3,0.666666666666667,0,0.333333333333333,0,364,46.9930030325025,1015.64812191535,2528.41246565243,1.3485780829975,7.41799471958546,185.544803483574,6.43771314465674,5.41263658760576,0,5.14499988500029
"84",75,6,1,1506,0,0,3,1,0,0,0,365,54.4687388703429,1013.72892287044,2591.32470257695,1.19428381089244,7.26827728808445,200.165120250289,6.01288988998584,5.08164031239719,0,6.34999985806644
"85",75,6,1,1506,0,0,3,1,0,0,0,365,54.4687388703429,1013.72892287044,2591.32470257695,1.19428381089244,7.26827728808445,200.165120250289,6.01288988998584,5.08164031239719,0,5.14499988500029
"86",75,12,60,299.85,0.783333333333333,0.9,740.169999999999,0.05,0.183333333333333,0.716666666666667,0.05,371,41.9065420777488,1016.20873270079,2759.29338391866,2.23186572481966,7.55492935577553,215.399748677598,10.5360495187645,8.43509381649256,0,6.34999985806644
"87",75,12,60,299.85,0.783333333333333,0.9,740.169999999999,0.05,0.183333333333333,0.716666666666667,0.05,371,41.9065420777488,1016.20873270079,2759.29338391866,2.23186572481966,7.55492935577553,215.399748677598,10.5360495187645,8.43509381649256,0,5.14499988500029
"88",76,1,1,113,1,0,2.07,1,0,0,0,372,36.9222920971659,1013.55649850927,2653.38537518954,2.78926725575437,8.20348415725235,212.222145386624,11.6629105203407,9.32121888201463,0,5.70499987248331
"89",76,1,1,113,1,0,2.07,1,0,0,0,372,36.9222920971659,1013.55649850927,2653.38537518954,2.78926725575437,8.20348415725235,212.222145386624,11.6629105203407,9.32121888201463,0,4.62499989662319
"90",76,5,11,184.090909090909,0.545454545454545,0,12.89,1,0,0,0,376,46.9930052850644,1015.64812285877,2528.41289736194,1.34857786229727,7.41799417627892,185.544803173496,6.4377133466149,5.4126367365867,0,5.70499987248331
"91",76,5,11,184.090909090909,0.545454545454545,0,12.89,1,0,0,0,376,46.9930052850644,1015.64812285877,2528.41289736194,1.34857786229727,7.41799417627892,185.544803173496,6.4377133466149,5.4126367365867,0,4.62499989662319
"92",76,7,3,274.333333333333,0.333333333333333,0,6.92,1,0,0,0,378,62.1274398214352,1014.30015686452,2367.93756938771,1.1173291062888,7.34918489346016,194.858533964454,5.46958866281599,4.61699507539772,0,5.70499987248331
"93",76,7,3,274.333333333333,0.333333333333333,0,6.92,1,0,0,0,378,62.1274398214352,1014.30015686452,2367.93756938771,1.1173291062888,7.34918489346016,194.858533964454,5.46958866281599,4.61699507539772,0,4.62499989662319
"94",77,5,1,1221,0,0,2,1,0,0,0,388,46.9930075330075,1015.64812380026,2528.41332818623,1.34857764204958,7.41799363408643,185.544802864053,6.43771354815896,5.41263688526215,0,4.06499990914017
"95",77,5,1,1221,0,0,2,1,0,0,0,388,46.9930075330075,1015.64812380026,2528.41332818623,1.34857764204958,7.41799363408643,185.544802864053,6.43771354815896,5.41263688526215,0,4.77999989315867
"96",88,5,24,304.458333333333,0.541666666666667,0.208333333333333,86.34,0.791666666666667,0.208333333333333,0,0,448,46.9929949713504,1015.64811853915,2528.41092071113,1.34857887280845,7.41799666389452,185.544804593238,6.43771242191723,5.41263605445373,0,NA
"97",88,6,26,428.538461538462,0.5,0.192307692307692,67.0923076923077,0.576923076923077,0,0.192307692307692,0.230769230769231,449,54.4687333050568,1013.72892392431,2591.32381362878,1.19428450531216,7.26827926177989,200.165094556531,6.01288890507956,5.08163956143137,0,NA
"98",89,1,1,158,0,0,0.88,1,0,0,0,456,36.9223064285402,1013.55649492281,2653.38548082178,2.78926919970616,8.20348741292226,212.222128937661,11.6629083187636,9.3212173007186,0,NA
"99",89,4,1,1422,0,0,3,0,0,0,1,459,40.1944542775867,1014.77901423186,2700.83557387344,1.92160032789913,7.88433512739666,198.728696395181,8.23636671795976,6.79031202428224,0,NA
"100",89,5,9,368.111111111111,0.777777777777778,0.888888888888889,51.88,0,0.555555555555556,0.333333333333333,0.111111111111111,460,46.9929972648708,1015.64811949973,2528.41136027044,1.34857864809521,7.417996110709,185.544804277522,6.43771262754762,5.4126362061436,0,NA
"101",89,7,4,629,0.5,0,9.3825,1,0,0,0,462,62.1274377516809,1014.30015873199,2367.93676239842,1.117329828491,7.34918665537314,194.858525111012,5.46958776649463,4.616994247415,0,NA
"102",89,10,6,373.5,0.166666666666667,0,26.49,1,0,0,0,465,56.3740648368893,1015.81590856259,2718.91934003576,1.89700006659688,7.5232627491447,196.669331386667,9.02108009964205,7.39558914834901,0,NA
"103",89,12,1,418,1,1,4.07,0,0,1,0,467,41.9065504212653,1016.20873408299,2759.29323182639,2.23186680450958,7.55493175886027,215.399722389819,10.5360485020327,8.43509317299811,0,NA
"104",90,4,4,334.5,1,0.25,5.8375,0.75,0.25,0,0,471,40.1944550092878,1014.77901395671,2700.83588585559,1.92160002683538,7.88433444855401,198.728702655251,8.23636706701598,6.79031227689615,0,NA
"105",90,5,9,1301,0.777777777777778,0.111111111111111,13.8888888888889,0.444444444444444,0,0.111111111111111,0.444444444444444,472,46.99299955378,1015.64812045838,2528.41179894599,1.34857842383378,7.41799555863571,185.54480396244,6.43771283276457,5.41263635752848,0,NA
"106",90,7,1,449,0,0,5.8,1,0,0,0,474,62.1274383423748,1014.30015819902,2367.93699270772,1.11732962237937,7.34918615253506,194.858527637724,5.4695880222987,4.61699448371569,0,NA
"107",90,12,3,400,0.666666666666667,1,17.16,0,0.333333333333333,0.666666666666667,0,479,41.9065471101053,1016.20873353446,2759.29329218485,2.23186637603004,7.55493080518587,215.399732822236,10.536048905527,8.43509342837162,0,NA
"108",91,4,2,860,0,0.5,3,0.5,0.5,0,0,483,40.1944557395152,1014.77901368212,2700.83619720937,1.92159972637801,7.8843337710786,198.728708902713,8.23636741536917,6.79031252900127,0,NA
"109",91,5,24,191.916666666667,0.541666666666667,0,34.03,1,0,0,0,484,46.9930018380791,1015.64812141509,2528.412236738,1.34857820002403,7.41799500767433,185.544803647993,6.4377130375682,5.41263650860846,0,NA
"110",91,6,47,453.531914893617,0.48936170212766,0,40.6748936170213,0.978723404255319,0,0,0.0212765957446809,485,54.4687380457327,1013.7289230266,2591.32457086123,1.19428391378483,7.26827758052751,200.165116443237,6.01288974405197,5.08164020112636,0,NA
"111",91,7,17,454.705882352941,0.529411764705882,0,14.3176470588235,0.941176470588235,0,0,0.0588235294117647,486,62.127438931879,1014.30015766713,2367.93722255316,1.11732941668286,7.34918565070974,194.858530159348,5.46958827758756,4.61699471954044,0,NA
"112",92,1,28,354.142857142857,0.535714285714286,0.5,53.8614285714285,0.25,0.25,0.25,0.25,492,36.9222941830187,1013.55649798728,2653.38539056373,2.78926753868588,8.20348463109724,212.222142992567,11.6629101999133,9.32121865186568,0,NA
"113",92,4,10,371,0.4,0,49.43,1,0,0,0,495,40.1944564682692,1014.77901340808,2700.83650793496,1.92159942652685,7.8843330949701,198.72871513757,8.23636776301952,6.79031278059773,0,NA
"114",92,6,3,337,0,0,12.65,1,0,0,0,497,54.4687396195931,1013.72892272856,2591.32482225537,1.19428371740324,7.26827702236732,200.16512370942,6.01289002258302,5.08164041349916,0,NA
"115",92,7,2,455,0,0,13.59,1,0,0,0,498,62.1274395201938,1014.30015713632,2367.93745193485,1.11732921140137,7.34918514989692,194.858532675884,5.46958853236134,4.61699495488938,0,NA
"116",92,11,1,467,0,1,7.08,0,0,1,0,502,48.1989966450044,1015.56842310524,2797.82267354232,2.08377852328354,7.4452836888001,210.743067746071,9.87884006695218,7.97266080901016,0,NA
"117",93,4,11,808.181818181818,0.363636363636364,0.272727272727273,19.86,0.727272727272727,0.181818181818182,0.0909090909090909,0,507,40.1944571955503,1014.77901313459,2700.8368180325,1.92159912728176,7.88433242022817,198.728721359825,8.23636810996718,6.79031303168566,0,NA
"118",93,5,2,202.5,0,0,3.18,1,0,0,0,508,46.9930063928517,1015.64812332273,2528.41310967232,1.34857775375912,7.41799390908624,185.544803021002,6.4377134459359,5.41263680985402,0,NA
"119",94,7,12,1141.66666666667,0.333333333333333,0,28,0.916666666666667,0,0,0.0833333333333333,522,62.1274406932564,1014.3001560779,2367.93790930744,1.11732880208306,7.34918415130783,194.858537693697,5.46958904036414,4.6169954241603,0,NA
"120",95,1,3,248,0.666666666666667,0.666666666666667,4.27,0.333333333333333,0.333333333333333,0.333333333333333,0,528,36.9222820116012,1013.5565010332,2653.38530085189,2.78926588771728,8.20348186610647,212.22215696242,11.6629120696791,9.32121999483627,0,NA
"121",95,4,1,1110,0,0,1,1,0,0,0,531,40.1944586456948,1014.77901258928,2700.83743634399,1.92159853060924,7.8843310748428,198.72873376654,8.23636880175508,6.79031353233638,0,NA
"122",95,12,7,332.285714285714,0.142857142857143,0.142857142857143,41.03,0.428571428571429,0.142857142857143,0,0.428571428571429,539,41.9065306543071,1016.20873080836,2759.29359215426,2.23186424657307,7.55492606561624,215.399784669245,10.5360509108125,8.43509469752652,0,NA
"123",96,5,2,1135,0.5,0,3,1,0,0,0,544,46.9930131904624,1015.64812616973,2528.41441245254,1.34857708774671,7.41799226953697,185.544802085272,6.43771405538995,5.41263725943739,0,NA
"124",96,12,6,208.833333333333,0.833333333333333,1,7.8,0,0,1,0,551,41.9065273831374,1016.20873026645,2759.29365178375,2.23186382326846,7.55492512345975,215.399794975666,10.5360513094337,8.43509494981578,0,NA
"125",99,1,1,296,1,1,1.83,0,0,1,0,576,36.9222658982376,1013.55650506561,2653.38518208514,2.78926370205095,8.2034782056206,212.222175456678,11.6629145450044,9.32122177275355,0,NA
"126",106,12,1,421,0,1,5.37,0,1,0,0,623,41.9065458013844,1016.20873331765,2759.29331604126,2.23186620667546,7.55493042825042,215.399736945601,10.5360490650063,8.43509352930684,0,4.7949998928234
"127",106,12,1,421,0,1,5.37,0,1,0,0,623,41.9065458013844,1016.20873331765,2759.29331604126,2.23186620667546,7.55493042825042,215.399736945601,10.5360490650063,8.43509352930684,0,5.78499987069517
"128",107,7,1,338,1,0,2.87,1,0,0,0,630,62.1274391711313,1014.30015745126,2367.93731583672,1.11732933320022,7.34918544704222,194.858531182758,5.46958838119741,4.61699481525072,0,6.2849998595193
"129",107,7,1,338,1,0,2.87,1,0,0,0,630,62.1274391711313,1014.30015745126,2367.93731583672,1.11732933320022,7.34918544704222,194.858531182758,5.46958838119741,4.61699481525072,0,4.96999988891184
"130",108,4,4,1387.5,0.5,0,12,0.75,0,0,0.25,639,40.194456771802,1014.77901329394,2700.83663735501,1.9215993016361,7.88433281336473,198.728717734445,8.23636790781906,6.79031288538996,0,5.47999987751245
"131",108,4,4,1387.5,0.5,0,12,0.75,0,0,0.25,639,40.194456771802,1014.77901329394,2700.83663735501,1.9215993016361,7.88433281336473,198.728717734445,8.23636790781906,6.79031288538996,0,7.35499983560294
"132",108,5,27,309.074074074074,0.296296296296296,0.0740740740740741,89.7240740740741,0.925925925925926,0.0740740740740741,0,0,640,46.9930050672811,1015.64812276756,2528.41285562318,1.34857788363512,7.41799422880716,185.544803203475,6.43771332708908,5.41263672218285,0,5.47999987751245
"133",108,5,27,309.074074074074,0.296296296296296,0.0740740740740741,89.7240740740741,0.925925925925926,0.0740740740740741,0,0,640,46.9930050672811,1015.64812276756,2528.41285562318,1.34857788363512,7.41799422880716,185.544803203475,6.43771332708908,5.41263672218285,0,7.35499983560294
"134",108,6,1,1176,0,0,2,1,0,0,0,641,54.4687402751204,1013.72892260443,2591.32492696333,1.19428363560851,7.2682767898885,200.165126735852,6.01289013859376,5.08164050195437,0,5.47999987751245
"135",108,6,1,1176,0,0,2,1,0,0,0,641,54.4687402751204,1013.72892260443,2591.32492696333,1.19428363560851,7.2682767898885,200.165126735852,6.01289013859376,5.08164050195437,0,7.35499983560294
"136",108,7,5,1392.4,0.4,0,35,1,0,0,0,642,62.1274397652323,1014.30015691523,2367.93754747442,1.11732912589975,7.34918494130381,194.858533724044,5.46958863847694,4.61699505291437,0,5.47999987751245
"137",108,7,5,1392.4,0.4,0,35,1,0,0,0,642,62.1274397652323,1014.30015691523,2367.93754747442,1.11732912589975,7.34918494130381,194.858533724044,5.46958863847694,4.61699505291437,0,7.35499983560294
"138",108,10,1,363,1,0,3.2,1,0,0,0,645,56.3740579797249,1015.81591198184,2718.91917280451,1.89699879355989,7.52325995018256,196.669324460282,9.02108011422814,7.3955893453527,0,5.47999987751245
"139",108,10,1,363,1,0,3.2,1,0,0,0,645,56.3740579797249,1015.81591198184,2718.91917280451,1.89699879355989,7.52325995018256,196.669324460282,9.02108011422814,7.3955893453527,0,7.35499983560294
"140",109,4,2,382,0.5,1,17.09,0,0.5,0.5,0,651,40.1944575062542,1014.77901301776,2700.83695051018,1.92159899944038,7.88433213196967,198.728724018053,8.23636825818771,6.79031313895368,0,7.40499983448535
"141",109,4,2,382,0.5,1,17.09,0,0.5,0.5,0,651,40.1944575062542,1014.77901301776,2700.83695051018,1.92159899944038,7.88433213196967,198.728724018053,8.23636825818771,6.79031313895368,0,5.53999987617135
"142",109,5,18,1086.44444444444,0.444444444444444,0.0555555555555556,40.5883333333333,0.722222222222222,0.0555555555555556,0,0.222222222222222,652,46.9930073647964,1015.64812372981,2528.41329594812,1.34857765853048,7.41799367465811,185.544802887209,6.43771353307764,5.41263687413692,0,7.40499983448535
"143",109,5,18,1086.44444444444,0.444444444444444,0.0555555555555556,40.5883333333333,0.722222222222222,0.0555555555555556,0,0.222222222222222,652,46.9930073647964,1015.64812372981,2528.41329594812,1.34857765853048,7.41799367465811,185.544802887209,6.43771353307764,5.41263687413692,0,5.53999987617135
"144",109,6,6,1055.83333333333,0.666666666666667,0,9,0.833333333333333,0,0,0.166666666666667,653,54.4687418612869,1013.72892230407,2591.32518032315,1.1942834376914,7.268276227364,200.16513405885,6.01289041930267,5.08164071598773,0,7.40499983448535
"145",109,6,6,1055.83333333333,0.666666666666667,0,9,0.833333333333333,0,0,0.166666666666667,653,54.4687418612869,1013.72892230407,2591.32518032315,1.1942834376914,7.268276227364,200.16513405885,6.01289041930267,5.08164071598773,0,5.53999987617135
"146",109,7,4,234.75,0.5,0,9.1,1,0,0,0,654,62.1274403581472,1014.30015638026,2367.93777864967,1.11732891901315,7.34918443657509,194.858536260257,5.46958889524282,4.61699529010353,0,7.40499983448535
"147",109,7,4,234.75,0.5,0,9.1,1,0,0,0,654,62.1274403581472,1014.30015638026,2367.93777864967,1.11732891901315,7.34918443657509,194.858536260257,5.46958889524282,4.61699529010353,0,5.53999987617135
"148",110,5,17,318.117647058824,0.647058823529412,0.117647058823529,43.9,0.882352941176471,0.117647058823529,0,0,664,46.9930096577168,1015.64812469013,2528.41373539244,1.34857743387603,7.41799312161731,185.544802571575,6.43771373865423,5.41263702578711,0,5.56499987561256
"149",110,5,17,318.117647058824,0.647058823529412,0.117647058823529,43.9,0.882352941176471,0.117647058823529,0,0,664,46.9930096577168,1015.64812469013,2528.41373539244,1.34857743387603,7.41799312161731,185.544802571575,6.43771373865423,5.41263702578711,0,7.55499983113259
"150",110,6,5,221.4,0.2,0,7.9,1,0,0,0,665,54.4687434442813,1013.7289220043,2591.32543317627,1.19428324017011,7.26827566596452,200.165141367203,6.01289069945018,5.08164092959304,0,5.56499987561256
"151",110,6,5,221.4,0.2,0,7.9,1,0,0,0,665,54.4687434442813,1013.7289220043,2591.32543317627,1.19428324017011,7.26827566596452,200.165141367203,6.01289069945018,5.08164092959304,0,7.55499983113259
"152",110,11,4,394.5,0.75,0,11.945,1,0,0,0,670,48.1989904669473,1015.56842472421,2797.82269828872,2.08377751783409,7.44528159666853,210.743076926695,9.87884046431879,7.97266110878663,0,5.56499987561256
"153",110,11,4,394.5,0.75,0,11.945,1,0,0,0,670,48.1989904669473,1015.56842472421,2797.82269828872,2.08377751783409,7.44528159666853,210.743076926695,9.87884046431879,7.97266110878663,0,7.55499983113259
"154",110,12,19,289.210526315789,0.578947368421053,0.210526315789474,42.3252631578947,0.631578947368421,0.0526315789473684,0.157894736842105,0.157894736842105,671,41.9065324936442,1016.20873111307,2759.29355862536,2.23186448459186,7.5549265953788,215.399778874077,10.5360506866729,8.43509455566749,0,5.56499987561256
"155",110,12,19,289.210526315789,0.578947368421053,0.210526315789474,42.3252631578947,0.631578947368421,0.0526315789473684,0.157894736842105,0.157894736842105,671,41.9065324936442,1016.20873111307,2759.29355862536,2.23186448459186,7.5549265953788,215.399778874077,10.5360506866729,8.43509455566749,0,7.55499983113259
"156",111,4,4,1254,0.25,0,12,1,0,0,0,675,40.1944589707525,1014.77901246705,2700.83757494183,1.92159839686189,7.88433077326743,198.728736547571,8.23636895682306,6.79031364455992,0,5.46499987784773
"157",111,4,4,1254,0.25,0,12,1,0,0,0,675,40.1944589707525,1014.77901246705,2700.83757494183,1.92159839686189,7.88433077326743,198.728736547571,8.23636895682306,6.79031364455992,0,7.09999984130263
"158",111,7,33,1220.57575757576,0.666666666666667,0,46.4848484848485,1,0,0,0,678,62.12744154042,1014.30015531354,2367.93823961328,1.11732850648111,7.34918343014566,194.858541317468,5.46958940723417,4.61699576305888,0,5.46499987784773
"159",111,7,33,1220.57575757576,0.666666666666667,0,46.4848484848485,1,0,0,0,678,62.12744154042,1014.30015531354,2367.93823961328,1.11732850648111,7.34918343014566,194.858541317468,5.46958940723417,4.61699576305888,0,7.09999984130263
"160",111,10,7,236,0,0,39.46,1,0,0,0,681,56.3740519343102,1015.81591499631,2718.91902537006,1.89699767122477,7.52325748256101,196.669318353841,9.02108012708754,7.39558951903513,0,5.46499987784773
"161",111,10,7,236,0,0,39.46,1,0,0,0,681,56.3740519343102,1015.81591499631,2718.91902537006,1.89699767122477,7.52325748256101,196.669318353841,9.02108012708754,7.39558951903513,0,7.09999984130263
"162",111,12,10,325.4,0.5,0,129.63,1,0,0,0,683,41.9065291833267,1016.20873056467,2759.29361896847,2.23186405622135,7.55492564194707,215.399789303839,10.5360510900646,8.43509481097602,0,5.46499987784773
"163",111,12,10,325.4,0.5,0,129.63,1,0,0,0,683,41.9065291833267,1016.20873056467,2759.29361896847,2.23186405622135,7.55492564194707,215.399789303839,10.5360510900646,8.43509481097602,0,7.09999984130263
"164",112,1,1,294,1,0,5.44,0,0,0,1,684,36.9222761137569,1013.55650250915,2653.38525738065,2.78926508771549,8.2034805262884,212.222163731724,11.6629129757024,9.32122064559297,0,5.29999988153577
"165",112,1,1,294,1,0,5.44,0,0,0,1,684,36.9222761137569,1013.55650250915,2653.38525738065,2.78926508771549,8.2034805262884,212.222163731724,11.6629129757024,9.32122064559297,0,7.10499984119087
"166",112,4,2,449,0.5,0,8.95,1,0,0,0,687,40.1944597007993,1014.77901219252,2700.83788621862,1.92159809647882,7.88433009595958,198.728742793488,8.2363693050901,6.7903138966027,0,5.29999988153577
"167",112,4,2,449,0.5,0,8.95,1,0,0,0,687,40.1944597007993,1014.77901219252,2700.83788621862,1.92159809647882,7.88433009595958,198.728742793488,8.2363693050901,6.7903138966027,0,7.10499984119087
"168",112,12,1,419,0,1,9.52,0,1,0,0,695,41.9065258796529,1016.20873001738,2759.29367919047,2.23186362871056,7.55492469042883,215.399799712669,10.5360514926466,8.43509506577216,0,5.29999988153577
"169",112,12,1,419,0,1,9.52,0,1,0,0,695,41.9065258796529,1016.20873001738,2759.29367919047,2.23186362871056,7.55492469042883,215.399799712669,10.5360514926466,8.43509506577216,0,7.10499984119087
"170",113,4,34,655.235294117647,0.676470588235294,0.117647058823529,30.5817647058824,0.794117647058823,0.0588235294117647,0.0588235294117647,0.0882352941176471,699,40.1944604293783,1014.77901191855,2700.83819686956,1.92159779669969,7.88432942001349,198.728749026847,8.23636965265693,6.79031414813872,0,6.86499984655529
"171",113,4,34,655.235294117647,0.676470588235294,0.117647058823529,30.5817647058824,0.794117647058823,0.0588235294117647,0.0588235294117647,0.0882352941176471,699,40.1944604293783,1014.77901191855,2700.83819686956,1.92159779669969,7.88432942001349,198.728749026847,8.23636965265693,6.79031414813872,0,5.1949998838827
"172",113,5,23,880.391304347826,0.826086956521739,0,34.8982608695652,0.782608695652174,0,0,0.217391304347826,700,46.9930165089203,1015.64812755957,2528.41504844386,1.34857676261274,7.41799146914173,185.544801628467,6.43771435291326,5.41263747891502,0,6.86499984655529
"173",113,5,23,880.391304347826,0.826086956521739,0,34.8982608695652,0.782608695652174,0,0,0.217391304347826,700,46.9930165089203,1015.64812755957,2528.41504844386,1.34857676261274,7.41799146914173,185.544801628467,6.43771435291326,5.41263747891502,0,5.1949998838827
"174",113,11,2,245,1,0.5,13.85,0.5,0,0.5,0,706,48.1989828265996,1015.56842672637,2797.82272889237,2.08377627440378,7.44527900934817,210.743088280291,9.87884095573852,7.97266147951751,0,6.86499984655529
"175",113,11,2,245,1,0.5,13.85,0.5,0,0.5,0,706,48.1989828265996,1015.56842672637,2797.82272889237,2.08377627440378,7.44527900934817,210.743088280291,9.87884095573852,7.97266147951751,0,5.1949998838827
"176",113,12,39,249.846153846154,0.435897435897436,0.205128205128205,213.57,0.461538461538462,0.102564102564103,0.102564102564103,0.333333333333333,707,41.9065225826213,1016.20872947119,2759.29373929139,2.23186320205931,7.55492374082367,215.399810100572,10.5360518944193,8.43509532005602,0,6.86499984655529
"177",113,12,39,249.846153846154,0.435897435897436,0.205128205128205,213.57,0.461538461538462,0.102564102564103,0.102564102564103,0.333333333333333,707,41.9065225826213,1016.20872947119,2759.29373929139,2.23186320205931,7.55492374082367,215.399810100572,10.5360518944193,8.43509532005602,0,5.1949998838827
"178",114,4,9,184.555555555556,0.444444444444444,0,10.43,1,0,0,0,711,40.1944611564899,1014.77901164513,2700.8385068948,1.92159749752437,7.88432874542888,198.728755247651,8.2363699995237,6.79031439916811,0,5.21499988343567
"179",114,4,9,184.555555555556,0.444444444444444,0,10.43,1,0,0,0,711,40.1944611564899,1014.77901164513,2700.8385068948,1.92159749752437,7.88432874542888,198.728755247651,8.2363699995237,6.79031439916811,0,6.69499985035509
"180",114,11,19,287.736842105263,0.631578947368421,0.157894736842105,101.5,0.842105263157895,0.105263157894737,0.0526315789473684,0,718,48.1989802900571,1015.56842739108,2797.82273905257,2.08377586159354,7.44527815037578,210.743092049606,9.87884111888646,7.97266160259759,0,5.21499988343567
"181",114,11,19,287.736842105263,0.631578947368421,0.157894736842105,101.5,0.842105263157895,0.105263157894737,0.0526315789473684,0,718,48.1989802900571,1015.56842739108,2797.82273905257,2.08377586159354,7.44527815037578,210.743092049606,9.87884111888646,7.97266160259759,0,6.69499985035509
"182",115,5,1,174,1,0,0.93,1,0,0,0,724,46.9930210534346,1015.64812946292,2528.41591941214,1.34857631735292,7.4179903730279,185.544801002888,6.43771476036122,5.41263777948211,0,6.50999985449016
"183",115,5,1,174,1,0,0.93,1,0,0,0,724,46.9930210534346,1015.64812946292,2528.41591941214,1.34857631735292,7.4179903730279,185.544801002888,6.43771476036122,5.41263777948211,0,5.1099998857826
"184",115,6,2,264,0.5,0,4.04,1,0,0,0,725,54.4687513116963,1013.7289205145,2591.32668984558,1.19428225849763,7.26827287583279,200.165177689408,6.01289209177151,5.08164199120241,0,6.50999985449016
"185",115,6,2,264,0.5,0,4.04,1,0,0,0,725,54.4687513116963,1013.7289205145,2591.32668984558,1.19428225849763,7.26827287583279,200.165177689408,6.01289209177151,5.08164199120241,0,5.1099998857826
"186",115,10,2,296.5,0.5,0,8.82,1,0,0,0,729,56.3740439302608,1015.81591898744,2718.91883016879,1.89699618526784,7.52325421546254,196.669310268994,9.02108014411321,7.39558974898838,0,6.50999985449016
"187",115,10,2,296.5,0.5,0,8.82,1,0,0,0,729,56.3740439302608,1015.81591898744,2718.91883016879,1.89699618526784,7.52325421546254,196.669310268994,9.02108014411321,7.39558974898838,0,5.1099998857826
"188",116,11,4,306,0.75,0.75,12.58,0.25,0.25,0.5,0,742,48.1989752323264,1015.56842871646,2797.82275931146,2.08377503847189,7.4452764376305,210.74309956542,9.87884144419477,7.97266184801272,0,4.66499989572912
"189",116,11,4,306,0.75,0.75,12.58,0.25,0.25,0.5,0,742,48.1989752323264,1015.56842871646,2797.82275931146,2.08377503847189,7.4452764376305,210.74309956542,9.87884144419477,7.97266184801272,0,6.09999986365438
"190",117,11,1,122,0,0,0.64,1,0,0,0,754,48.1989727111364,1015.56842937714,2797.82276941017,2.08377462816019,7.44527558385702,210.743103311921,9.87884160635526,7.97266197034785,0,5.84999986924231
"191",117,11,1,122,0,0,0.64,1,0,0,0,754,48.1989727111364,1015.56842937714,2797.82276941017,2.08377462816019,7.44527558385702,210.743103311921,9.87884160635526,7.97266197034785,0,4.59499989729375
"192",124,6,1,166,1,0,1.04,1,0,0,0,797,54.4687392324308,1013.72892280188,2591.32476041358,1.1942837657122,7.26827715967213,200.165121921973,6.01288995406568,5.08164036125643,0,4.34499990288168
"193",124,6,1,166,1,0,1.04,1,0,0,0,797,54.4687392324308,1013.72892280188,2591.32476041358,1.1942837657122,7.26827715967213,200.165121921973,6.01288995406568,5.08164036125643,0,5.95999986678362
"194",126,7,2,219.5,0.5,0,3.1,1,0,0,0,822,62.1274405740167,1014.30015618549,2367.93786281634,1.11732884368953,7.34918425281261,194.858537183646,5.46958898872657,4.61699537645976,0,5.22499988321215
"195",126,7,2,219.5,0.5,0,3.1,1,0,0,0,822,62.1274405740167,1014.30015618549,2367.93786281634,1.11732884368953,7.34918425281261,194.858537183646,5.46958898872657,4.61699537645976,0,6.44499985594302
"196",127,7,1,296,0,0,5.55,1,0,0,0,834,62.1274411715151,1014.30015564639,2367.93809577868,1.11732863520359,7.34918374418209,194.858539739465,5.46958924747737,4.6169956154825,0,6.86999984644353
"197",127,7,1,296,0,0,5.55,1,0,0,0,834,62.1274411715151,1014.30015564639,2367.93809577868,1.11732863520359,7.34918374418209,194.858539739465,5.46958924747737,4.6169956154825,0,5.46999987773597
"198",128,7,1,407,0,0,5.09,1,0,0,0,846,62.1274417678311,1014.30015510835,2367.93832828,1.11732842713024,7.34918323655815,194.858542290226,5.46958950571611,4.61699585403223,0,7.57499983068556
"199",128,7,1,407,0,0,5.09,1,0,0,0,846,62.1274417678311,1014.30015510835,2367.93832828,1.11732842713024,7.34918323655815,194.858542290226,5.46958950571611,4.61699585403223,0,5.6549998736009
"200",129,6,3,155,1,0,3.33,1,0,0,0,857,54.4687472245774,1013.72892128845,2591.32603700639,1.19428276847608,7.26827432530507,200.165158820038,6.01289136846116,5.08164143969678,0,7.59999983012676
"201",129,6,3,155,1,0,3.33,1,0,0,0,857,54.4687472245774,1013.72892128845,2591.32603700639,1.19428276847608,7.26827432530507,200.165158820038,6.01289136846116,5.08164143969678,0,5.65999987348914
"202",129,7,19,192.894736842105,0.631578947368421,0,27.44,1,0,0,0,858,62.1274423629649,1014.30015457138,2367.93856032042,1.11732821946937,7.34918272994048,194.858544835931,5.46958976344294,4.61699609210907,0,7.59999983012676
"203",129,7,19,192.894736842105,0.631578947368421,0,27.44,1,0,0,0,858,62.1274423629649,1014.30015457138,2367.93856032042,1.11732821946937,7.34918272994048,194.858544835931,5.46958976344294,4.61699609210907,0,5.65999987348914
"204",130,7,13,407.461538461538,0,0,87.27,1,0,0,0,870,62.127442956917,1014.30015403548,2367.93879190007,1.11732801222085,7.34918222432882,194.85854737658,5.46959002065798,4.61699632971315,0,5.56499987561256
"205",130,7,13,407.461538461538,0,0,87.27,1,0,0,0,870,62.127442956917,1014.30015403548,2367.93879190007,1.11732801222085,7.34918222432882,194.85854737658,5.46959002065798,4.61699632971315,0,7.62499982956797
"206",130,10,2,244,0,0,3.2,1,0,0,0,873,56.3740471104189,1015.81591740169,2718.91890772589,1.89699677566623,7.52325551354167,196.669313481255,9.0210801373486,7.39558965762366,0,5.56499987561256
"207",130,10,2,244,0,0,3.2,1,0,0,0,873,56.3740471104189,1015.81591740169,2718.91890772589,1.89699677566623,7.52325551354167,196.669313481255,9.0210801373486,7.39558965762366,0,7.62499982956797
"208",131,1,3,442.333333333333,0.333333333333333,0.666666666666667,14.45,0,0,0.666666666666667,0.333333333333333,876,36.9222662820337,1013.55650496956,2653.38518491399,2.78926375411025,8.20347829280788,212.222175016172,11.6629144860458,9.32122173040623,0,5.51499987673014
"209",131,1,3,442.333333333333,0.333333333333333,0.666666666666667,14.45,0,0,0.666666666666667,0.333333333333333,876,36.9222662820337,1013.55650496956,2653.38518491399,2.78926375411025,8.20347829280788,212.222175016172,11.6629144860458,9.32122173040623,0,7.2049998389557
"210",131,4,2,325,1,0,4.88,1,0,0,0,879,40.1944614596615,1014.77901153112,2700.83863616089,1.92159737278218,7.88432846415849,198.728757841437,8.236370144151,6.79031450383569,0,5.51499987673014
"211",131,4,2,325,1,0,4.88,1,0,0,0,879,40.1944614596615,1014.77901153112,2700.83863616089,1.92159737278218,7.88432846415849,198.728757841437,8.236370144151,6.79031450383569,0,7.2049998389557
"212",131,6,36,482.777777777778,0.388888888888889,0,77.5272222222222,1,0,0,0,881,54.4687503992993,1013.72892068727,2591.32654410759,1.19428237234379,7.26827319940892,200.165173477063,6.01289193030173,5.08164186808584,0,5.51499987673014
"213",131,6,36,482.777777777778,0.388888888888889,0,77.5272222222222,1,0,0,0,881,54.4687503992993,1013.72892068727,2591.32654410759,1.19428237234379,7.26827319940892,200.165173477063,6.01289193030173,5.08164186808584,0,7.2049998389557
"214",131,7,43,275.255813953488,0.488372093023256,0,93.4876744186046,1,0,0,0,882,62.1274435496876,1014.30015350064,2367.93902301907,1.11732780538459,7.34918171972291,194.858549912176,5.46959027736138,4.61699656684459,0,5.51499987673014
"215",131,7,43,275.255813953488,0.488372093023256,0,93.4876744186046,1,0,0,0,882,62.1274435496876,1014.30015350064,2367.93902301907,1.11732780538459,7.34918171972291,194.858549912176,5.46959027736138,4.61699656684459,0,7.2049998389557
"216",132,1,1,348,0,0,8.84,0,0,0,1,888,36.9222621857555,1013.55650599466,2653.38515472156,2.78926319847844,8.20347736225305,212.222179717712,11.6629151153136,9.32122218238161,0,5.739999871701
"217",132,1,1,348,0,0,8.84,0,0,0,1,888,36.9222621857555,1013.55650599466,2653.38515472156,2.78926319847844,8.20347736225305,212.222179717712,11.6629151153136,9.32122218238161,0,7.47499983292073
"218",132,6,2,278,1,0,4.36,1,0,0,0,893,54.46875198192,1013.72892038758,2591.32679690102,1.19428217486913,7.26827263814195,200.16518078369,6.01289221038312,5.08164208164073,0,5.739999871701
"219",132,6,2,278,1,0,4.36,1,0,0,0,893,54.46875198192,1013.72892038758,2591.32679690102,1.19428217486913,7.26827263814195,200.16518078369,6.01289221038312,5.08164208164073,0,7.47499983292073
"220",132,10,1,252,1,0,7.9,1,0,0,0,897,56.3740430770719,1015.81591941287,2718.91880936137,1.89699602687277,7.5232538672073,196.669309407192,9.02108014592806,7.39558977350016,0,5.739999871701
"221",132,10,1,252,1,0,7.9,1,0,0,0,897,56.3740430770719,1015.81591941287,2718.91880936137,1.89699602687277,7.5232538672073,196.669309407192,9.02108014592806,7.39558977350016,0,7.47499983292073
"222",133,11,14,241,0.642857142857143,0.0714285714285714,182.98,0.928571428571429,0,0.0714285714285714,0,910,48.1989741246941,1015.56842900672,2797.82276374812,2.08377485820999,7.44527606254291,210.743101211367,9.8788415154366,7.97266190175811,0,7.2899998370558
"223",133,11,14,241,0.642857142857143,0.0714285714285714,182.98,0.928571428571429,0,0.0714285714285714,0,910,48.1989741246941,1015.56842900672,2797.82276374812,2.08377485820999,7.44527606254291,210.743101211367,9.8788415154366,7.97266190175811,0,5.49999987706542
"224",134,6,33,213.515151515152,0.606060606060606,0,109.99,1,0,0,0,917,54.4687551376842,1013.72891978999,2591.3273009741,1.19428178110231,7.268271518969,200.165195353192,6.01289276886871,5.0816425074717,0,6.93499984499067
"225",134,6,33,213.515151515152,0.606060606060606,0,109.99,1,0,0,0,917,54.4687551376842,1013.72891978999,2591.3273009741,1.19428178110231,7.268271518969,200.165195353192,6.01289276886871,5.0816425074717,0,5.20999988354743
"226",134,7,11,1090.45454545455,0.727272727272727,0,26,0.909090909090909,0,0,0.0909090909090909,918,62.1274453209134,1014.30015190252,2367.9397136132,1.11732718734838,7.34918021193739,194.858557488652,5.46959104440288,4.61699727540419,0,6.93499984499067
"227",134,7,11,1090.45454545455,0.727272727272727,0,26,0.909090909090909,0,0,0.0909090909090909,918,62.1274453209134,1014.30015190252,2367.9397136132,1.11732718734838,7.34918021193739,194.858557488652,5.46959104440288,4.61699727540419,0,5.20999988354743
"228",134,11,13,217.307692307692,0.538461538461538,0.0769230769230769,29.7,0.923076923076923,0,0.0769230769230769,0,922,48.1989715784763,1015.56842967396,2797.82277394707,2.08377444382514,7.44527520029405,210.74310499506,9.87884167920685,7.97266202530766,0,6.93499984499067
"229",134,11,13,217.307692307692,0.538461538461538,0.0769230769230769,29.7,0.923076923076923,0,0.0769230769230769,0,922,48.1989715784763,1015.56842967396,2797.82277394707,2.08377444382514,7.44527520029405,210.74310499506,9.87884167920685,7.97266202530766,0,5.20999988354743
"230",135,1,8,169,0.875,0.75,9.28,0.125,0,0.75,0.125,924,36.9222499459763,1013.55650905769,2653.38506450583,2.78926153823705,8.20347458173249,212.222193766028,11.6629169955812,9.3212235328951,0,5.01999988779426
"231",135,1,8,169,0.875,0.75,9.28,0.125,0,0.75,0.125,924,36.9222499459763,1013.55650905769,2653.38506450583,2.78926153823705,8.20347458173249,212.222193766028,11.6629169955812,9.3212235328951,0,6.62999985180795
"232",135,5,37,233.162162162162,0.378378378378378,0.027027027027027,101.28,0.972972972972973,0.027027027027027,0,0,928,46.9930288739187,1015.64813273831,2528.41741822879,1.34857555112199,7.41798848676672,185.544799926354,6.43771546152314,5.41263829671674,0,5.01999988779426
"233",135,5,37,233.162162162162,0.378378378378378,0.027027027027027,101.28,0.972972972972973,0.027027027027027,0,0,928,46.9930288739187,1015.64813273831,2528.41741822879,1.34857555112199,7.41798848676672,185.544799926354,6.43771546152314,5.41263829671674,0,6.62999985180795
"234",136,7,2,976.5,1,0,12,1,0,0,0,942,62.1274464958278,1014.30015084244,2367.94017170785,1.11732677738388,7.34917921177182,194.858562514387,5.46959155320767,4.61699774541595,0,6.17999986186624
"235",136,7,2,976.5,1,0,12,1,0,0,0,942,62.1274464958278,1014.30015084244,2367.94017170785,1.11732677738388,7.34917921177182,194.858562514387,5.46959155320767,4.61699774541595,0,4.54499989841133
"236",137,6,1,229,0,0,1.47,1,0,0,0,953,54.4687598476472,1013.72891889809,2591.32805330075,1.19428119340724,7.26826984860876,200.165217098103,6.01289360240576,5.08164314302236,0,5.79499987047166
"237",137,6,1,229,0,0,1.47,1,0,0,0,953,54.4687598476472,1013.72891889809,2591.32805330075,1.19428119340724,7.26826984860876,200.165217098103,6.01289360240576,5.08164314302236,0,4.21999990567565
"238",144,5,2,779,1,0,1.825,0.5,0,0,0.5,1024,46.993013574227,1015.64812633046,2528.41448600206,1.34857705014644,7.41799217697489,185.544802032445,6.43771408979717,5.41263728481898,0,NA
"239",144,7,4,330.75,1,0,11.14,1,0,0,0,1026,62.1274419606018,1014.30015493442,2367.93840344057,1.11732835986649,7.34918307245884,194.858543114809,5.4695895891968,4.61699593114806,0,NA
"240",145,6,7,348.714285714286,0.428571428571429,0,20.59,1,0,0,0,1037,54.4687477556663,1013.72892118788,2591.3261218377,1.1942827022084,7.26827413695756,200.165161271964,6.01289146244964,5.0816415113606,0,NA
"241",146,6,1,1435,0,0,4,1,0,0,0,1049,54.4687493600043,1013.72892088408,2591.32637810007,1.1942825020239,7.26827356798866,200.165168678856,6.01289174637442,5.08164172784597,0,NA
"242",146,11,1,323,0,0,6.64,1,0,0,0,1054,48.1989809112206,1015.5684272283,2797.82273656448,2.08377596268494,7.44527836072599,210.743091126554,9.87884107893383,7.97266157245701,0,NA
"243",147,1,1,511,0,1,7.82,0,1,0,0,1056,36.9222648276985,1013.55650533351,2653.38517419452,2.78926355683973,8.20347796242537,212.222176685398,11.6629147094599,9.32122189087475,0,NA
"244",147,4,2,193.5,0.5,0,2.65,1,0,0,0,1059,40.1944617198372,1014.77901143329,2700.83874709439,1.92159726573101,7.88432822277803,198.728760067371,8.23637026826717,6.79031459365924,0,NA
"245",147,5,2,1285.5,0.5,0,5,1,0,0,0,1060,46.9930205457368,1015.64812925028,2528.4158221105,1.34857636709584,7.41799049548204,185.544801072776,6.43771471484251,5.41263774590377,0,NA
"246",148,4,4,374.5,0.25,0,12.49,1,0,0,0,1071,40.1944624597847,1014.77901115504,2700.83906259262,1.92159696127424,7.88432753628473,198.728766397993,8.2363706212573,6.79031484912014,0,NA
"247",148,7,9,1034,0.333333333333333,0,16.6022222222222,1,0,0,0,1074,62.1274443570756,1014.30015277216,2367.93933781655,1.1173275236616,7.3491810324204,194.858553365805,5.4695906270063,4.61699688983137,0,NA
"248",149,1,13,204.461538461538,0.538461538461538,0,19.88,0.846153846153846,0,0,0.153846153846154,1080,36.9222565635065,1013.55650740164,2653.38511328165,2.78926243585924,8.20347608504217,212.222186170699,11.6629159790002,9.32122280272967,0,NA
"249",149,5,42,315.738095238095,0.428571428571429,0,67.2714285714285,0.952380952380952,0,0,0.0476190476190476,1084,46.9930251705842,1015.64813118727,2528.41670847486,1.34857591396518,7.41798937999225,185.544800436139,6.43771512949291,5.41263805178397,0,NA
"250",149,6,5,446.2,0.2,0,27.38,1,0,0,0,1085,54.4687541541083,1013.72891997625,2591.32714386662,1.19428190382998,7.26827186778835,200.165190812228,6.01289259480216,5.08164237475041,0,NA
"251",149,7,10,425.8,0.6,0,53.32,0.8,0,0,0.2,1086,62.1274449532491,1014.30015223426,2367.93957026229,1.11732731563799,7.34918052491779,194.858555915956,5.46959088518331,4.61699712832408,0,NA
"252",150,1,1,376,0,0,3.56,1,0,0,0,1092,36.9222524436401,1013.55650843265,2653.38508291536,2.78926187702787,8.2034751491288,212.222190899312,11.6629166118915,9.32122325730772,0,NA
"253",150,4,13,577.538461538462,0.461538461538462,0,9.59923076923077,1,0,0,0,1095,40.1944639353035,1014.77901060019,2700.8396917232,1.92159635416126,7.88432616735808,198.728779021798,8.23637132514997,6.79031535853114,0,NA
"254",150,6,34,1572.29411764706,0.264705882352941,0.0294117647058824,160,0.882352941176471,0,0.0294117647058824,0.0882352941176471,1097,54.4687557458423,1013.72891967483,2591.32739811574,1.19428170521817,7.26827130328937,200.16519816093,6.01289287649637,5.08164258953503,0,NA
"255",150,10,6,317.666666666667,0.333333333333333,0,24.68,1,0,0,0,1101,56.3740382856318,1015.81592180206,2718.91869250862,1.89699513733884,7.52325191143396,196.669304567385,9.02108015612009,7.39558991115639,0,NA
"256",151,7,22,298.181818181818,0.545454545454545,0,65.4,1,0,0,0,1110,62.127446142064,1014.30015116163,2367.94003377671,1.11732690082315,7.34917951291915,194.858561001151,5.46959140000783,4.6169976038966,0,NA
"257",151,10,19,307.210526315789,0.526315789473684,0,47.45,1,0,0,0,1113,56.374036263377,1015.81592281044,2718.91864319025,1.89699476190593,7.52325108598857,196.669302524716,9.02108016042169,7.39558996925499,0,NA
"258",151,11,7,369.714285714286,0.571428571428571,0,46.08,1,0,0,0,1114,48.1989680300551,1015.56843060383,2797.82278816038,2.08377386633643,7.44527399865995,210.743110268032,9.87884190743785,7.97266219748691,0,NA
"259",151,12,11,269.909090909091,0.363636363636364,0,24.09,0.909090909090909,0,0,0.0909090909090909,1115,41.9065033886141,1016.20872629147,2759.29408917506,2.23186071826532,7.55491821259995,215.399870574811,10.5360542333799,8.43509680039554,0,NA
"260",152,11,1,432,0,0,6.61,1,0,0,0,1126,48.1989654690832,1015.56843127493,2797.82279841843,2.08377344955042,7.44527313141477,210.74311407365,9.87884207215706,7.97266232175237,0,NA
"261",153,5,55,1108.4,0.472727272727273,0.0181818181818182,84.0916363636364,0.872727272727273,0.0181818181818182,0,0.109090909090909,1132,46.9930343655396,1015.64813503832,2528.41847071258,1.3485750130671,7.41798716221559,185.5447991704,6.43771595388593,5.41263865992397,0,NA
"262",153,6,7,1062,0.428571428571429,0,11,0.857142857142857,0,0,0.142857142857143,1133,54.4687605021533,1013.72891877415,2591.32815784559,1.19428111173993,7.2682696164921,200.165220119821,6.01289371823577,5.08164323133978,0,NA
"263",153,10,59,278.661016949153,0.457627118644068,0,762.650000000001,1,0,0,0,1137,56.3740322308897,1015.81592482119,2718.9185448467,1.89699401327208,7.52324944000514,196.669298451522,9.02108016899932,7.39559008510679,0,NA
"264",154,4,7,248.857142857143,0.428571428571429,0,15.45,1,0,0,0,1143,40.1944668688465,1014.77900949706,2700.84094252496,1.92159514713366,7.88432344573571,198.728804119731,8.23637272458948,6.79031637131321,0,NA
"265",154,6,2,590.5,0.5,0,2.74,1,0,0,0,1145,54.4687620812954,1013.72891847512,2591.32841008339,1.19428091469931,7.26826905645879,200.165227410388,6.01289399770154,5.08164344442528,0,NA
"266",154,7,38,220.605263157895,0.578947368421053,0,81.6199999999999,1,0,0,0,1146,62.1274479164607,1014.30014956065,2367.94072560719,1.11732628168049,7.34917800243427,194.858568591191,5.46959216842255,4.61699831372472,0,NA
"267",155,4,6,144.333333333333,0.666666666666667,0,6.22,1,0,0,0,1155,40.1944675985892,1014.77900922265,2700.8412536721,1.9215948468757,7.88432276870996,198.728810363046,8.23637307271146,6.79031662325101,0,NA
"268",155,5,1,1006,0,0,1,1,0,0,0,1156,46.9930389356631,1015.64813695239,2528.41934658894,1.34857456529816,7.41798605992494,185.544798541296,6.43771636362994,5.41263896218482,0,NA
"269",156,5,1,215,0,0,4.79,1,0,0,0,1168,46.9930412138892,1015.64813790657,2528.41978321705,1.34857434208342,7.41798551042834,185.544798227685,6.43771656788909,5.41263911286314,0,NA
"270",164,7,3,259.333333333333,0.666666666666667,0,7.4,1,0,0,0,1230,62.1274439346242,1014.30015315333,2367.93917310435,1.11732767106816,7.34918139203925,194.858551558755,5.4695904440608,4.61699672083427,0,5.0499998871237
"271",164,7,3,259.333333333333,0.666666666666667,0,7.4,1,0,0,0,1230,62.1274439346242,1014.30015315333,2367.93917310435,1.11732767106816,7.34918139203925,194.858551558755,5.4695904440608,4.61699672083427,0,7.09999984130263
"272",166,4,1,1567,0,0,4,1,0,0,0,1251,40.1944634291426,1014.77901079052,2700.83947590672,1.92159656242484,7.88432663695366,198.728774691337,8.23637108368716,6.79031518378317,0,5.68999987281859
"273",166,4,1,1567,0,0,4,1,0,0,0,1251,40.1944634291426,1014.77901079052,2700.83947590672,1.92159656242484,7.88432663695366,198.728774691337,8.23637108368716,6.79031518378317,0,7.82999982498586
"274",166,7,10,1420.1,0.5,0,37,1,0,0,0,1254,62.1274451396272,1014.30015206609,2367.93964293042,1.11732725060481,7.34918036626027,194.858556713195,5.46959096589566,4.61699720288264,0,5.68999987281859
"275",166,7,10,1420.1,0.5,0,37,1,0,0,0,1254,62.1274451396272,1014.30015206609,2367.93964293042,1.11732725060481,7.34918036626027,194.858556713195,5.46959096589566,4.61699720288264,0,7.82999982498586
"276",167,5,3,343.666666666667,0.666666666666667,0,4.90666666666667,1,0,0,0,1264,46.9930282206278,1015.6481324647,2528.41729302385,1.34857561512975,7.41798864433718,185.544800016283,6.43771540295097,5.41263825350909,0,7.91999982297421
"277",167,5,3,343.666666666667,0.666666666666667,0,4.90666666666667,1,0,0,0,1264,46.9930282206278,1015.6481324647,2528.41729302385,1.34857561512975,7.41798864433718,185.544800016283,6.43771540295097,5.41263825350909,0,6.03499986510724
"278",167,6,150,809.493333333333,0.48,0,427.6654,0.986666666666667,0,0,0.0133333333333333,1265,54.4687562598079,1013.7289195775,2591.32748021193,1.19428164108708,7.26827112101455,200.165200533802,6.01289296745448,5.08164265888827,0,7.91999982297421
"279",167,6,150,809.493333333333,0.48,0,427.6654,0.986666666666667,0,0,0.0133333333333333,1265,54.4687562598079,1013.7289195775,2591.32748021193,1.19428164108708,7.26827112101455,200.165200533802,6.01289296745448,5.08164265888827,0,6.03499986510724
"280",168,4,1,454,1,0,5.11,1,0,0,0,1275,40.1944649159795,1014.77901023142,2700.84010986307,1.92159595065498,7.8843252575266,198.728787411973,8.23637179297906,6.79031569710163,0,6.08999986387789
"281",168,4,1,454,1,0,5.11,1,0,0,0,1275,40.1944649159795,1014.77901023142,2700.84010986307,1.92159595065498,7.8843252575266,198.728787411973,8.23637179297906,6.79031569710163,0,7.72499982733279
"282",168,5,14,388.571428571429,0.428571428571429,0,51.9,0.928571428571429,0,0,0.0714285714285714,1276,46.993030543917,1015.64813343774,2528.41773828841,1.34857538749986,7.41798808397161,185.544799696469,6.43771561125034,5.41263840716782,0,6.08999986387789
"283",168,5,14,388.571428571429,0.428571428571429,0,51.9,0.928571428571429,0,0,0.0714285714285714,1276,46.993030543917,1015.64813343774,2528.41773828841,1.34857538749986,7.41798808397161,185.544799696469,6.43771561125034,5.41263840716782,0,7.72499982733279
"284",168,10,42,311.357142857143,0.380952380952381,0,162.36,1,0,0,0,1281,56.3740355895307,1015.81592314644,2718.91862675661,1.89699463680593,7.52325081093753,196.669301844067,9.02108016185505,7.39558998861433,0,6.08999986387789
"285",168,10,42,311.357142857143,0.380952380952381,0,162.36,1,0,0,0,1281,56.3740355895307,1015.81592314644,2718.91862675661,1.89699463680593,7.52325081093753,196.669301844067,9.02108016185505,7.39558998861433,0,7.72499982733279
"286",169,4,3,147,0.333333333333333,0,2.47,1,0,0,0,1287,40.1944656572173,1014.77900995268,2700.84042591146,1.9215956456673,7.88432456983618,198.728793753635,8.23637214658475,6.790315953008,0,6.00499986577779
"287",169,4,3,147,0.333333333333333,0,2.47,1,0,0,0,1287,40.1944656572173,1014.77900995268,2700.84042591146,1.9215956456673,7.88432456983618,198.728793753635,8.23637214658475,6.790315953008,0,7.61999982967973
"288",169,5,1,317,1,0,2.85,1,0,0,0,1288,46.9930328626588,1015.64813440888,2528.41818268148,1.34857516031549,7.41798752470281,185.54479937728,6.437715819142,5.41263856052579,0,6.00499986577779
"289",169,5,1,317,1,0,2.85,1,0,0,0,1288,46.9930328626588,1015.64813440888,2528.41818268148,1.34857516031549,7.41798752470281,185.54479937728,6.437715819142,5.41263856052579,0,7.61999982967973
"290",169,6,1,1158,0,0,2,1,0,0,0,1289,54.4687594645893,1013.72891897063,2591.32799211456,1.19428124120406,7.26826998445797,200.165215329605,6.01289353461479,5.08164309133348,0,6.00499986577779
"291",169,6,1,1158,0,0,2,1,0,0,0,1289,54.4687594645893,1013.72891897063,2591.32799211456,1.19428124120406,7.26826998445797,200.165215329605,6.01289353461479,5.08164309133348,0,7.61999982967973
"292",171,4,3,368,0.666666666666667,0,11.97,1,0,0,0,1311,40.1944671353335,1014.77900939685,2700.84105614946,1.92159503748566,7.8843231984999,198.72880639966,8.23637285171643,6.79031646331568,0,7.6649998286739
"293",171,4,3,368,0.666666666666667,0,11.97,1,0,0,0,1311,40.1944671353335,1014.77900939685,2700.84105614946,1.92159503748566,7.8843231984999,198.72880639966,8.23637285171643,6.79031646331568,0,6.31999985873699
"294",171,5,1,1533,0,0,8,1,0,0,0,1312,46.9930374865053,1015.64813634545,2528.41906885398,1.34857470728291,7.41798640945447,185.544798740781,6.43771623370266,5.41263886633978,0,7.6649998286739
"295",171,5,1,1533,0,0,8,1,0,0,0,1312,46.9930374865053,1015.64813634545,2528.41906885398,1.34857470728291,7.41798640945447,185.544798740781,6.43771623370266,5.41263886633978,0,6.31999985873699
"296",171,7,46,398.130434782609,0.260869565217391,0,212.4,1,0,0,0,1314,62.1274481315926,1014.30014936654,2367.94080948628,1.11732620661423,7.34917781929967,194.858569511425,5.46959226158688,4.61699839978588,0,7.6649998286739
"297",171,7,46,398.130434782609,0.260869565217391,0,212.4,1,0,0,0,1314,62.1274481315926,1014.30014936654,2367.94080948628,1.11732620661423,7.34917781929967,194.858569511425,5.46959226158688,4.61699839978588,0,6.31999985873699
"298",171,11,7,235,0.285714285714286,0,27.71,1,0,0,0,1318,48.1989594327468,1015.56843285676,2797.82282259716,2.08377246716534,7.44527108727538,210.743123043676,9.87884246040833,7.97266261465216,0,7.6649998286739
"299",171,11,7,235,0.285714285714286,0,27.71,1,0,0,0,1318,48.1989594327468,1015.56843285676,2797.82282259716,2.08377246716534,7.44527108727538,210.743123043676,9.87884246040833,7.97266261465216,0,6.31999985873699
"300",171,12,2,258,0,0,3.52,0.5,0,0,0.5,1319,41.9064922362267,1016.20872444395,2759.29429246967,2.23185927509442,7.55491500050921,215.399905712452,10.5360555923976,8.43509766052442,0,7.6649998286739
"301",171,12,2,258,0,0,3.52,0.5,0,0,0.5,1319,41.9064922362267,1016.20872444395,2759.29429246967,2.23185927509442,7.55491500050921,215.399905712452,10.5360555923976,8.43509766052442,0,6.31999985873699
"302",172,5,1,309,0,0,2.44,1,0,0,0,1324,46.9930397916119,1015.64813731088,2528.41951063381,1.34857448143449,7.41798585347442,185.54479842347,6.43771644037183,5.41263901879594,0,6.25499986018986
"303",172,5,1,309,0,0,2.44,1,0,0,0,1324,46.9930397916119,1015.64813731088,2528.41951063381,1.34857448143449,7.41798585347442,185.54479842347,6.43771644037183,5.41263901879594,0,7.69499982800335
"304",172,6,31,1426.70967741935,0.387096774193548,0,109,0.967741935483871,0,0,0.032258064516129,1325,54.4687642482238,1013.72891806478,2591.32875620883,1.19428064431647,7.26826828797055,200.165237414643,6.01289438118973,5.08164373682521,0,6.25499986018986
"305",172,6,31,1426.70967741935,0.387096774193548,0,109,0.967741935483871,0,0,0.032258064516129,1325,54.4687642482238,1013.72891806478,2591.32875620883,1.19428064431647,7.26826828797055,200.165237414643,6.01289438118973,5.08164373682521,0,7.69499982800335
"306",172,7,17,1227.58823529412,0.529411764705882,0,54.5117647058824,1,0,0,0,1326,62.1274487264666,1014.30014882981,2367.94104142537,1.11732599904404,7.34917731290325,194.858572056018,5.46959251920115,4.61699863775875,0,6.25499986018986
"307",172,7,17,1227.58823529412,0.529411764705882,0,54.5117647058824,1,0,0,0,1326,62.1274487264666,1014.30014882981,2367.94104142537,1.11732599904404,7.34917731290325,194.858572056018,5.46959251920115,4.61699863775875,0,7.69499982800335
"308",172,10,13,302.307692307692,0.461538461538462,0,70.68,1,0,0,0,1329,56.3740274621748,1015.81592719905,2718.91842854817,1.89699312795709,7.52324749350777,196.669293634669,9.02108017914301,7.39559022211013,0,6.25499986018986
"309",172,10,13,302.307692307692,0.461538461538462,0,70.68,1,0,0,0,1329,56.3740274621748,1015.81592719905,2718.91842854817,1.89699312795709,7.52324749350777,196.669293634669,9.02108017914301,7.39559022211013,0,7.69499982800335
"310",172,11,22,224.772727272727,0.5,0,52.81,1,0,0,0,1330,48.1989568621304,1015.5684335304,2797.82283289385,2.08377204880972,7.44527021676418,210.743126863626,9.87884262574788,7.97266273938561,0,6.25499986018986
"311",172,11,22,224.772727272727,0.5,0,52.81,1,0,0,0,1330,48.1989568621304,1015.5684335304,2797.82283289385,2.08377204880972,7.44527021676418,210.743126863626,9.87884262574788,7.97266273938561,0,7.69499982800335
"312",172,12,12,249.75,0.333333333333333,0,17.5016666666667,0.5,0,0,0.5,1331,41.9064889016352,1016.20872389153,2759.29435325526,2.23185884358274,7.55491404008612,215.399916218694,10.5360559987472,8.43509791770508,0,6.25499986018986
"313",172,12,12,249.75,0.333333333333333,0,17.5016666666667,0.5,0,0,0.5,1331,41.9064889016352,1016.20872389153,2759.29435325526,2.23185884358274,7.55491404008612,215.399916218694,10.5360559987472,8.43509791770508,0,7.69499982800335
"314",173,1,4,202.5,1,0.25,4.27,0.75,0,0.25,0,1332,36.9222263261245,1013.55651496861,2653.38489041103,2.78925833436753,8.20346921599163,212.222220875924,11.6629206240486,9.32122613906371,0,7.76999982632697
"315",173,1,4,202.5,1,0.25,4.27,0.75,0,0.25,0,1332,36.9222263261245,1013.55651496861,2653.38489041103,2.78925833436753,8.20346921599163,212.222220875924,11.6629206240486,9.32122613906371,0,6.24999986030161
"316",173,4,5,310.4,0,0,8.622,1,0,0,0,1335,40.1944686076391,1014.77900884321,2700.84168391,1.92159443169478,7.88432183255432,198.728818995975,8.23637355407625,6.79031697161735,0,7.76999982632697
"317",173,4,5,310.4,0,0,8.622,1,0,0,0,1335,40.1944686076391,1014.77900884321,2700.84168391,1.92159443169478,7.88432183255432,198.728818995975,8.23637355407625,6.79031697161735,0,6.24999986030161
"318",173,5,4,597.25,0,0,6.6825,1,0,0,0,1336,46.9930420921754,1015.64813827441,2528.41995154295,1.3485742560312,7.41798529859015,185.544798106784,6.43771664663368,5.41263917095162,0,7.76999982632697
"319",173,5,4,597.25,0,0,6.6825,1,0,0,0,1336,46.9930420921754,1015.64813827441,2528.41995154295,1.3485742560312,7.41798529859015,185.544798106784,6.43771664663368,5.41263917095162,0,6.24999986030161
"320",173,6,8,1053.75,0.625,0,14.595,1,0,0,0,1337,54.4687658364948,1013.72891776402,2591.3290099048,1.19428044613677,7.26826772469973,200.165244747357,6.01289466227107,5.08164395114254,0,7.76999982632697
"321",173,6,8,1053.75,0.625,0,14.595,1,0,0,0,1337,54.4687658364948,1013.72891776402,2591.3290099048,1.19428044613677,7.26826772469973,200.165244747357,6.01289466227107,5.08164395114254,0,6.24999986030161
"322",173,7,4,227,0.5,0,3.875,1,0,0,0,1338,62.1274493201681,1014.30014829413,2367.94127290733,1.11732579188296,7.34917680750489,194.858574595596,5.46959277630769,4.6169988752626,0,7.76999982632697
"323",173,7,4,227,0.5,0,3.875,1,0,0,0,1338,62.1274493201681,1014.30014829413,2367.94127290733,1.11732579188296,7.34917680750489,194.858574595596,5.46959277630769,4.6169988752626,0,6.24999986030161
"324",174,1,2,253.5,0,0,8.7,1,0,0,0,1344,36.9222222233383,1013.55651599534,2653.38486017063,2.78925777785295,8.20346828395836,212.222225584933,11.6629212543162,9.32122659175719,0,6.01999986544251
"325",174,1,2,253.5,0,0,8.7,1,0,0,0,1344,36.9222222233383,1013.55651599534,2653.38486017063,2.78925777785295,8.20346828395836,212.222225584933,11.6629212543162,9.32122659175719,0,7.72499982733279
"326",174,4,2,1299,0,0,4,1,0,0,0,1347,40.1944693416138,1014.77900856721,2700.84199686154,1.92159412969557,7.88432115160237,198.728825275496,8.23637390421706,6.79031722501618,0,6.01999986544251
"327",174,4,2,1299,0,0,4,1,0,0,0,1347,40.1944693416138,1014.77900856721,2700.84199686154,1.92159412969557,7.88432115160237,198.728825275496,8.23637390421706,6.79031722501618,0,7.72499982733279
"328",175,4,8,1558.75,0.125,0,33,0.875,0,0,0.125,1359,40.1944700741366,1014.77900829175,2700.84230919406,1.92159382829371,7.88432047199732,198.728831542597,8.23637425366531,6.7903174779138,0,5.96499986667186
"329",175,4,8,1558.75,0.125,0,33,0.875,0,0,0.125,1359,40.1944700741366,1014.77900829175,2700.84230919406,1.92159382829371,7.88432047199732,198.728831542597,8.23637425366531,6.7903174779138,0,7.50999983213842
"330",175,5,4,376,0.75,0,13.62,1,0,0,0,1360,46.9930466796765,1015.64814019576,2528.42083074976,1.34857380655964,7.41798419210813,185.544797475288,6.43771705793571,5.41263947436178,0,5.96499986667186
"331",175,5,4,376,0.75,0,13.62,1,0,0,0,1360,46.9930466796765,1015.64814019576,2528.42083074976,1.34857380655964,7.41798419210813,185.544797475288,6.43771705793571,5.41263947436178,0,7.50999983213842
"332",175,6,6,362.5,0.666666666666667,0,18.29,1,0,0,0,1361,54.4687690036297,1013.72891716428,2591.32951579411,1.19428005095117,7.26826660149428,200.165259369354,6.01289522276894,5.08164437850782,0,5.96499986667186
"333",175,6,6,362.5,0.666666666666667,0,18.29,1,0,0,0,1361,54.4687690036297,1013.72891716428,2591.32951579411,1.19428005095117,7.26826660149428,200.165259369354,6.01289522276894,5.08164437850782,0,7.50999983213842
"334",175,10,6,273.666666666667,0.5,0,13.3,1,0,0,0,1365,56.374021408585,1015.8159302176,2718.91828091434,1.89699200410425,7.52324502254928,196.66928751997,9.0210801920198,7.39559039602742,0,5.96499986667186
"335",175,10,6,273.666666666667,0.5,0,13.3,1,0,0,0,1365,56.374021408585,1015.8159302176,2718.91828091434,1.89699200410425,7.52324502254928,196.66928751997,9.0210801920198,7.39559039602742,0,7.50999983213842
"336",176,5,1,368,0,0,4.3,1,0,0,0,1372,46.9930489666155,1015.64814115358,2528.42126904773,1.34857358249124,7.41798364051002,185.544797160478,6.43771726297603,5.41263962561637,0,5.80999987013638
"337",176,5,1,368,0,0,4.3,1,0,0,0,1372,46.9930489666155,1015.64814115358,2528.42126904773,1.34857358249124,7.41798364051002,185.544797160478,6.43771726297603,5.41263962561637,0,7.26999983750284
"338",184,5,2,363,0.5,0,12.8,1,0,0,0,1444,46.9930311755578,1015.64813370229,2528.41785934405,1.34857532561332,7.41798793162305,185.54479960952,6.43771566788142,5.41263844894355,0,5.34499988052994
"339",184,5,2,363,0.5,0,12.8,1,0,0,0,1444,46.9930311755578,1015.64813370229,2528.41785934405,1.34857532561332,7.41798793162305,185.54479960952,6.43771566788142,5.41263844894355,0,7.62499982956797
"340",184,6,1,1346,1,0,3,1,0,0,0,1445,54.4687582998426,1013.72891919119,2591.32780606852,1.19428138653766,7.26827039752842,200.165209952214,6.01289332848588,5.08164293416547,0,5.34499988052994
"341",184,6,1,1346,1,0,3,1,0,0,0,1445,54.4687582998426,1013.72891919119,2591.32780606852,1.19428138653766,7.26827039752842,200.165209952214,6.01289332848588,5.08164293416547,0,7.62499982956797
"342",185,5,34,1281.44117647059,0.382352941176471,0,84,1,0,0,0,1456,46.9930335164887,1015.64813468272,2528.4183079897,1.34857509625493,7.41798736700237,185.544799287277,6.43771587776249,5.41263860376907,0,7.89999982342124
"343",185,5,34,1281.44117647059,0.382352941176471,0,84,1,0,0,0,1456,46.9930335164887,1015.64813468272,2528.4183079897,1.34857509625493,7.41798736700237,185.544799287277,6.43771587776249,5.41263860376907,0,5.62499987427145
"344",186,4,11,318.181818181818,0.727272727272727,0.363636363636364,13.7545454545455,0.636363636363636,0.272727272727273,0.0909090909090909,0,1467,40.1944666131106,1014.77900959323,2700.84083348447,1.92159525235807,7.88432368299716,198.728801931781,8.23637260259127,6.79031628302244,0,5.90999986790121
"345",186,4,11,318.181818181818,0.727272727272727,0.363636363636364,13.7545454545455,0.636363636363636,0.272727272727273,0.0909090909090909,0,1467,40.1944666131106,1014.77900959323,2700.84083348447,1.92159525235807,7.88432368299716,198.728801931781,8.23637260259127,6.79031628302244,0,7.93499982263893
"346",186,6,25,270.64,0.4,0,57.06,1,0,0,0,1469,54.4687615289929,1013.72891857971,2591.32832186361,1.19428098361396,7.26826925232957,200.165224860524,6.01289389995882,5.08164336989896,0,5.90999986790121
"347",186,6,25,270.64,0.4,0,57.06,1,0,0,0,1469,54.4687615289929,1013.72891857971,2591.32832186361,1.19428098361396,7.26826925232957,200.165224860524,6.01289389995882,5.08164336989896,0,7.93499982263893
"348",187,1,11,155.181818181818,0.545454545454545,0,11.83,1,0,0,0,1476,36.9222333083434,1013.5565132213,2653.38494187486,2.78925928145722,8.20347080214794,212.22221286202,11.6629195514444,9.32122536865924,0,7.78999982587993
"349",187,1,11,155.181818181818,0.545454545454545,0,11.83,1,0,0,0,1476,36.9222333083434,1013.5565132213,2653.38494187486,2.78925928145722,8.20347080214794,212.22221286202,11.6629195514444,9.32122536865924,0,6.09999986365438
"350",187,4,1,941,0,0,1,1,0,0,0,1479,40.1944673585437,1014.77900931292,2700.84115132167,1.92159494564419,7.88432299141449,198.728808309336,8.23637295819833,6.79031654037722,0,7.78999982587993
"351",187,4,1,941,0,0,1,1,0,0,0,1479,40.1944673585437,1014.77900931292,2700.84115132167,1.92159494564419,7.88432299141449,198.728808309336,8.23637295819833,6.79031654037722,0,6.09999986365438
"352",187,5,26,247.730769230769,0.576923076923077,0.0384615384615385,48.27,0.961538461538462,0.0384615384615385,0,0,1480,46.9930381847521,1015.6481366379,2528.41920267484,1.34857463887049,7.41798624104088,185.544798644663,6.43771629630544,5.41263891252073,0,7.78999982587993
"353",187,5,26,247.730769230769,0.576923076923077,0.0384615384615385,48.27,0.961538461538462,0.0384615384615385,0,0,1480,46.9930381847521,1015.6481366379,2528.41920267484,1.34857463887049,7.41798624104088,185.544798644663,6.43771629630544,5.41263891252073,0,6.09999986365438
"354",187,6,110,324.954545454545,0.418181818181818,0,665.096636363636,1,0,0,0,1481,54.4687631388744,1013.72891827485,2591.32857901144,1.19428078273777,7.26826868139471,200.165232293009,6.01289418486465,5.08164358713235,0,7.78999982587993
"355",187,6,110,324.954545454545,0.418181818181818,0,665.096636363636,1,0,0,0,1481,54.4687631388744,1013.72891827485,2591.32857901144,1.19428078273777,7.26826868139471,200.165232293009,6.01289418486465,5.08164358713235,0,6.09999986365438
"356",187,7,23,1263.47826086957,0.652173913043478,0,63,0.956521739130435,0,0,0.0434782608695652,1482,62.1274483117877,1014.30014920396,2367.94087974365,1.11732614373852,7.34917766590561,194.858570282215,5.4695923396216,4.61699847187096,0,7.78999982587993
"357",187,7,23,1263.47826086957,0.652173913043478,0,63,0.956521739130435,0,0,0.0434782608695652,1482,62.1274483117877,1014.30014920396,2367.94087974365,1.11732614373852,7.34917766590561,194.858570282215,5.4695923396216,4.61699847187096,0,6.09999986365438
"358",188,5,70,1387.32857142857,0.514285714285714,0,245,1,0,0,0,1492,46.993040512087,1015.64813761264,2528.41964871479,1.34857441084419,7.41798567969947,185.544798324292,6.43771650496754,5.41263906644704,0,6.21999986097217
"359",188,5,70,1387.32857142857,0.514285714285714,0,245,1,0,0,0,1492,46.993040512087,1015.64813761264,2528.41964871479,1.34857441084419,7.41798567969947,185.544798324292,6.43771650496754,5.41263906644704,0,7.72999982722104
"360",191,4,10,1672.6,0.3,0,31.6,0.8,0,0,0.2,1527,40.1944703257962,1014.77900819712,2700.84241649647,1.92159372474656,7.88432023851778,198.728833695671,8.23637437371888,6.79031756479723,0,7.82499982509762
"361",191,4,10,1672.6,0.3,0,31.6,0.8,0,0,0.2,1527,40.1944703257962,1014.77900819712,2700.84241649647,1.92159372474656,7.88432023851778,198.728833695671,8.23637437371888,6.79031756479723,0,6.44499985594302
"362",191,6,5,259,0.4,0,7.144,1,0,0,0,1529,54.4687695471285,1013.72891706136,2591.32960260767,1.19427998313502,7.26826640874566,200.165261878574,6.01289531895366,5.0816444518462,0,7.82499982509762
"363",191,6,5,259,0.4,0,7.144,1,0,0,0,1529,54.4687695471285,1013.72891706136,2591.32960260767,1.19427998313502,7.26826640874566,200.165261878574,6.01289531895366,5.0816444518462,0,6.44499985594302
"364",191,7,7,321.142857142857,0.285714285714286,0,19.02,1,0,0,0,1530,62.1274507072166,1014.30014704264,2367.94181371224,1.11732530789822,7.34917562675664,194.858580528741,5.46959337697861,4.61699943013628,0,7.82499982509762
"365",191,7,7,321.142857142857,0.285714285714286,0,19.02,1,0,0,0,1530,62.1274507072166,1014.30014704264,2367.94181371224,1.11732530789822,7.34917562675664,194.858580528741,5.46959337697861,4.61699943013628,0,6.44499985594302
"366",192,6,2,1524.5,0.5,0,7,1,0,0,0,1541,54.4687711413776,1013.72891675947,2591.32985725852,1.19427978420939,7.26826584335474,200.165269238888,6.01289560109296,5.0816446669702,0,6.45499985571951
"367",192,6,2,1524.5,0.5,0,7,1,0,0,0,1541,54.4687711413776,1013.72891675947,2591.32985725852,1.19427978420939,7.26826584335474,200.165269238888,6.01289560109296,5.0816446669702,0,7.84499982465059
"368",192,7,1,1,1,0,10.47,1,0,0,0,1542,62.1274513031528,1014.30014650495,2367.94204606547,1.1173250999574,7.349175119456,194.858583077878,5.46959363505287,4.61699966853407,0,6.45499985571951
"369",192,7,1,1,1,0,10.47,1,0,0,0,1542,62.1274513031528,1014.30014650495,2367.94204606547,1.1173250999574,7.349175119456,194.858583077878,5.46959363505287,4.61699966853407,0,7.84499982465059
"370",193,5,5,437.6,0.4,0,29.82,1,0,0,0,1552,46.9930520808379,1015.64814245789,2528.42186589676,1.34857327736773,7.41798288937534,185.544796731787,6.43771754218818,5.41263983158618,0,7.91999982297421
"371",193,5,5,437.6,0.4,0,29.82,1,0,0,0,1552,46.9930520808379,1015.64814245789,2528.42186589676,1.34857327736773,7.41798288937534,185.544796731787,6.43771754218818,5.41263983158618,0,6.39499985706061
"372",194,4,5,403.8,0.4,0.2,19.46,0.8,0,0.2,0,1563,40.1944725360404,1014.77900736598,2700.84335889867,1.92159281532549,7.88431818794271,198.72885260542,8.23637542811048,6.79031832786623,0,6.35499985795468
"373",194,4,5,403.8,0.4,0.2,19.46,0.8,0,0.2,0,1563,40.1944725360404,1014.77900736598,2700.84335889867,1.92159281532549,7.88431818794271,198.72885260542,8.23637542811048,6.79031832786623,0,7.87499982398003
"374",194,5,5,1839.4,0,0,42,1,0,0,0,1564,46.9930543810097,1015.64814342125,2528.42230673083,1.34857305200281,7.41798233458555,185.544796415155,6.43771774841491,5.41263998371596,0,6.35499985795468
"375",194,5,5,1839.4,0,0,42,1,0,0,0,1564,46.9930543810097,1015.64814342125,2528.42230673083,1.34857305200281,7.41798233458555,185.544796415155,6.43771774841491,5.41263998371596,0,7.87499982398003
"376",194,12,2,353,0.5,0,5.24,1,0,0,0,1571,41.9064677964592,1016.20872039521,2759.29473797724,2.2318561124746,7.55490796141095,215.399982714421,10.5360585706008,8.43509954544367,0,6.35499985795468
"377",194,12,2,353,0.5,0,5.24,1,0,0,0,1571,41.9064677964592,1016.20872039521,2759.29473797724,2.2318561124746,7.55490796141095,215.399982714421,10.5360585706008,8.43509954544367,0,7.87499982398003
"378",195,12,4,435.5,0.25,0,62.28,1,0,0,0,1583,41.9064644755514,1016.20871984506,2759.29479851339,2.23185568273366,7.55490700492901,215.39999317755,10.536058975283,8.43509980156898,0,7.80499982554466
"379",195,12,4,435.5,0.25,0,62.28,1,0,0,0,1583,41.9064644755514,1016.20871984506,2759.29479851339,2.23185568273366,7.55490700492901,215.39999317755,10.536058975283,8.43509980156898,0,6.37499985750765
"380",196,4,4,152.25,0.25,0.25,3.315,0.75,0.25,0,0,1587,40.1944740023047,1014.77900681461,2700.84398408327,1.9215922120204,7.88431682760211,198.728865150047,8.23637612758826,6.79031883408215,0,6.3449998581782
"381",196,4,4,152.25,0.25,0.25,3.315,0.75,0.25,0,0,1587,40.1944740023047,1014.77900681461,2700.84398408327,1.9215922120204,7.88431682760211,198.728865150047,8.23637612758826,6.79031883408215,0,7.64999982900918
"382",203,4,1,171,1,1,0.91,0,1,0,0,1623,40.1944667861045,1014.77900952818,2700.8409072455,1.92159518117845,7.88432352250036,198.728803411831,8.23637268511762,6.79031634274721,0,NA
"383",204,6,1,1204,1,0,3,1,0,0,0,1637,54.4687635277529,1013.72891820121,2591.32864112735,1.19428073421468,7.26826854348128,200.165234088379,6.0128942536857,5.08164363960665,0,NA
"384",204,7,1,296,1,0,2.48,1,0,0,0,1638,62.1274484571519,1014.3001490728,2367.9409364206,1.11732609301639,7.3491775421619,194.858570904016,5.46959240257257,4.61699853002233,0,NA
"385",205,5,1,1565,0,0,4,1,0,0,0,1648,46.9930410974978,1015.64813785782,2528.41976091034,1.34857435348715,7.41798553850135,185.544798243707,6.43771655745377,5.4126391051652,0,NA
"386",205,7,3,796,0.333333333333333,0,5.94666666666667,1,0,0,0,1650,62.1274490634738,1014.30014852574,2367.94117282319,1.11732588145166,7.34917702602023,194.858573497577,5.46959266514445,4.61699877257482,0,NA
"387",206,1,7,299.142857142857,0.428571428571429,0.142857142857143,25.76,0.857142857142857,0,0.142857142857143,0,1656,36.9222239133067,1013.55651557243,2653.38487262688,2.78925800708547,8.20346866786984,212.222223645257,11.6629209947043,9.32122640528936,0,NA
"388",206,5,1,6,0,0,12.35,1,0,0,0,1660,46.9930434424483,1015.64813883994,2528.42021032635,1.34857412373493,7.41798497291116,185.544797920911,6.43771676769523,5.41263926025657,0,NA
"389",207,4,4,1218,0.75,0,11,1,0,0,0,1671,40.1944697874568,1014.77900839955,2700.84218695972,1.92159394625024,7.88432073796732,198.728829089907,8.23637411690536,6.79031737893987,0,NA
"390",207,12,1,333,0,0,8.46,0,0,0,1,1679,41.9064802345985,1016.20872245574,2759.29451124492,2.2318577220278,7.55491154382166,215.399943525782,10.5360570549028,8.43509858615106,0,NA
"391",208,1,2,406.5,0,0,26.48,1,0,0,0,1680,36.9222155570718,1013.55651766359,2653.38481103559,2.78925687362001,8.2034667695772,212.2222332362,11.662922278384,9.3212273273001,0,NA
"392",208,12,1,520,1,0,8,0,0,0,1,1691,41.9064768554299,1016.20872189594,2759.2945728431,2.23185728474764,7.55491057055955,215.399954172472,10.5360574666846,8.43509884676974,0,NA
"393",209,4,1,1752,0,0,5,1,0,0,0,1695,40.1944712794735,1014.7790078385,2700.84282312464,1.9215933323491,7.88431935373463,198.728841854859,8.23637482866829,6.79031789404662,0,NA
"394",209,12,2,319.5,0.5,0.5,9.14,0.5,0.5,0,0,1703,41.9064734827895,1016.20872133722,2759.29463432227,2.23185684831225,7.55490959917768,215.399964798594,10.5360578776708,8.43509910688493,0,NA
"395",210,4,1,520,0,0,32.17,1,0,0,0,1707,40.1944720233182,1014.77900755878,2700.84314028459,1.92159302628876,7.88431866362557,198.728848218824,8.23637518351762,6.79031815085303,NA,NA
"396",211,1,1,516,0,0,19.68,0,0,0,1,1716,36.9222030831944,1013.55652078521,2653.3847190944,2.78925518162482,8.20346393587637,212.222247553205,11.6629241946136,9.32122870364352,1,NA
"397",212,12,1,358,0,0,2.66,0,0,0,1,1739,41.906463404023,1016.20871966755,2759.29481804607,2.23185554407289,7.55490669630932,215.399996553596,10.5360591058582,8.43509988421071,NA,NA
"398",213,4,1,273,1,0,1.9,1,0,0,0,1743,40.194474246202,1014.77900672289,2700.84408807602,1.92159211166707,7.88431660132406,198.728867236711,8.23637624393888,6.79031891828573,0,NA
"399",214,4,2,1601,0,0,8,1,0,0,0,1755,40.1944749842806,1014.77900644535,2700.8444027774,1.92159180797926,7.88431591656462,198.728873551344,8.23637659603747,6.79031917310142,0,NA
"400",223,6,1,1317,0,0,2,1,0,0,0,1841,54.4687687268445,1013.72891721669,2591.32947158296,1.1942800854876,7.26826669965448,200.165258091495,6.0128951737854,5.08164434115912,0,7.5199998319149
"401",223,6,1,1317,0,0,2,1,0,0,0,1841,54.4687687268445,1013.72891721669,2591.32947158296,1.1942800854876,7.26826669965448,200.165258091495,6.0128951737854,5.08164434115912,0,4.89499989058822
"402",225,4,1,1375,1,0,3,1,0,0,0,1863,40.1944714521095,1014.77900777358,2700.84289673306,1.92159326131674,7.88431919356989,198.728843331847,8.2363749110239,6.79031795364782,0,6.04999986477196
"403",225,4,1,1375,1,0,3,1,0,0,0,1863,40.1944714521095,1014.77900777358,2700.84289673306,1.92159326131674,7.88431919356989,198.728843331847,8.2363749110239,6.79031795364782,0,8.08499981928617
"404",225,5,1,1329,0,0,2,1,0,0,0,1864,46.9930509902545,1015.64814200113,2528.42165688355,1.34857338422029,7.41798315241853,185.544796881912,6.43771744440964,5.4126397594567,0,6.04999986477196
"405",225,5,1,1329,0,0,2,1,0,0,0,1864,46.9930509902545,1015.64814200113,2528.42165688355,1.34857338422029,7.41798315241853,185.544796881912,6.43771744440964,5.4126397594567,0,8.08499981928617
"406",225,7,1,7,0,0,13.9,1,0,0,0,1866,62.1274516164765,1014.30014622225,2367.94216822917,1.11732499062894,7.34917485273399,194.85858441813,5.46959377073984,4.6169997938758,0,6.04999986477196
"407",225,7,1,7,0,0,13.9,1,0,0,0,1866,62.1274516164765,1014.30014622225,2367.94216822917,1.11732499062894,7.34917485273399,194.85858441813,5.46959377073984,4.6169997938758,0,8.08499981928617
"408",227,4,2,486.5,0,0,10.655,1,0,0,0,1887,40.1944729524925,1014.77900720938,2700.84353646517,1.92159264397326,7.88431780157535,198.728856168376,8.23637562677792,6.79031847164295,NA,NA
"409",234,1,1,211,1,1,1.62,0,0,1,0,1968,36.9221729380864,1013.55652832908,2653.3844969039,2.78925109264943,8.20345708778778,212.222282152522,11.662928825487,9.32123202979625,0,6.72999984957278
"410",234,1,1,211,1,1,1.62,0,0,1,0,1968,36.9221729380864,1013.55652832908,2653.3844969039,2.78925109264943,8.20345708778778,212.222282152522,11.662928825487,9.32123202979625,0,7.98999982140958
"411",234,4,1,392,0,0,3.46,1,0,0,0,1971,40.1944781585794,1014.77900525169,2700.84575623244,1.92159050189092,7.88431297157874,198.728900709064,8.23637811032896,6.7903202690025,0,6.72999984957278
"412",234,4,1,392,0,0,3.46,1,0,0,0,1971,40.1944781585794,1014.77900525169,2700.84575623244,1.92159050189092,7.88431297157874,198.728900709064,8.23637811032896,6.7903202690025,0,7.98999982140958
"413",243,7,4,375,0.5,0,14.76,1,0,0,0,2082,62.1274523327229,1014.30014557601,2367.94244749091,1.1173247407081,7.34917424301723,194.858587481898,5.46959408091529,4.6170000804024,0,7.47999983280897
"414",243,7,4,375,0.5,0,14.76,1,0,0,0,2082,62.1274523327229,1014.30014557601,2367.94244749091,1.1173247407081,7.34917424301723,194.858587481898,5.46959408091529,4.6170000804024,0,5.08499988634139
"415",244,6,1,1366,0,0,3,1,0,0,0,2093,54.4687755294892,1013.72891592851,2591.33055817556,1.19427923667396,7.26826428713717,200.165289497879,6.01289637767096,5.08164525909104,0,5.5699998755008
"416",244,6,1,1366,0,0,3,1,0,0,0,2093,54.4687755294892,1013.72891592851,2591.33055817556,1.19427923667396,7.26826428713717,200.165289497879,6.01289637767096,5.08164525909104,0,7.69999982789159
"417",244,7,1,268,0,0,1.99,1,0,0,0,2094,62.127452943445,1014.30014502497,2367.94268560915,1.11732452760798,7.34917372312978,194.858590094282,5.46959434539273,4.61700032471517,0,5.5699998755008
"418",244,7,1,268,0,0,1.99,1,0,0,0,2094,62.127452943445,1014.30014502497,2367.94268560915,1.11732452760798,7.34917372312978,194.858590094282,5.46959434539273,4.61700032471517,0,7.69999982789159
"419",245,4,1,299,1,0,2.71,1,0,0,0,2103,40.1944738509224,1014.77900687153,2700.84391953704,1.92159227430771,7.88431696804841,198.728863854896,8.23637605537174,6.79031878181865,1,6.08999986387789
"420",245,4,1,299,1,0,2.71,1,0,0,0,2103,40.1944738509224,1014.77900687153,2700.84391953704,1.92159227430771,7.88431696804841,198.728863854896,8.23637605537174,6.79031878181865,1,8.00499982107431
"421",245,6,16,256.1875,0.625,0.0625,34.28,0.875,0.0625,0,0.0625,2105,54.4687771601998,1013.72891561972,2591.33081865043,1.19427903319878,7.2682637088154,200.165297026527,6.01289666626297,5.08164547913506,1,6.08999986387789
"422",245,6,16,256.1875,0.625,0.0625,34.28,0.875,0.0625,0,0.0625,2105,54.4687771601998,1013.72891561972,2591.33081865043,1.19427903319878,7.2682637088154,200.165297026527,6.01289666626297,5.08164547913506,1,8.00499982107431
"423",246,7,1,1225,1,0,2,1,0,0,0,2118,62.12745416142,1014.30014392603,2367.94316049294,1.11732410261831,7.3491726863082,194.85859530421,5.46959487284519,4.61700081195282,0,8.04499982018024
"424",246,7,1,1225,1,0,2,1,0,0,0,2118,62.12745416142,1014.30014392603,2367.94316049294,1.11732410261831,7.3491726863082,194.85859530421,5.46959487284519,4.61700081195282,0,6.20999986119568
"425",247,10,1,487,0,0,6.82,1,0,0,0,2133,56.3740068853941,1015.81593745942,2718.91792672546,1.89698930786452,7.52323909446312,196.669272850173,9.02108022291255,7.39559081327309,NA,NA
"426",247,12,1,393,0,0,3.58,1,0,0,0,2135,41.9064550317862,1016.20871828059,2759.29497066188,2.23185446066643,7.55490428495261,215.400022931863,10.5360601260898,8.43510052992022,NA,NA
"427",263,7,8,238,0.75,0,15.5,1,0,0,0,2322,62.1274548667091,1014.30014328968,2367.94343548244,1.11732385652084,7.3491720859191,194.858598321107,5.46959517827547,4.61700109409604,1,NA
"428",264,6,1,231,1,0,1.6,1,0,0,0,2333,54.4687823112084,1013.7289146443,2591.3316414257,1.19427839047136,7.26826188204097,200.165320807654,6.01289757785326,5.08164617419933,NA,NA
"429",264,7,1,247,0,0,1.57,1,0,0,0,2334,62.1274554784766,1014.3001427377,2367.94367400826,1.11732364305595,7.34917156514175,194.858600937963,5.46959544320561,4.617001338827,NA,NA
"430",264,10,1,368,0,0,3.51,1,0,0,0,2337,56.3740044681542,1015.81593866475,2718.91786777427,1.89698885910237,7.52323810779246,196.669270408532,9.02108022805434,7.39559088271946,NA,NA
"431",265,5,11,531,0.454545454545455,0,9.07636363636364,1,0,0,0,2344,46.9930683214163,1015.64814925981,2528.42497844693,1.34857168615763,7.41797897223009,185.544794496177,6.43771899827131,5.41264090571271,1,NA
"432",265,12,18,319.777777777778,0.388888888888889,0,81.16,1,0,0,0,2351,41.9064476301207,1016.20871705442,2759.29510558534,2.23185350285643,7.55490215313811,215.400046252168,10.5360610280486,8.43510110077433,1,NA
"433",266,5,13,239.846153846154,0.461538461538462,0,22.82,0.923076923076923,0,0,0.0769230769230769,2356,46.9930706830608,1015.64815024892,2528.42543106241,1.34857145476977,7.41797840261338,185.544794171083,6.43771921000951,5.4126410619082,0,NA
"434",266,6,1,284,1,0,2.09,1,0,0,0,2357,54.4687855751691,1013.72891402622,2591.33216278109,1.19427798320412,7.26826072449681,200.165335876676,6.01289815548671,5.08164661463005,0,NA
"435",266,10,4,231,0.75,0,6.62,1,0,0,0,2361,56.374000313161,1015.81594073659,2718.91776644306,1.8969880877252,7.52323641180442,196.669266211596,9.02108023689256,7.39559100209081,0,NA
"436",267,10,4,379.75,0,0,19.24,1,0,0,0,2373,56.3739982415447,1015.81594176958,2718.91771592087,1.8969877031283,7.52323556621064,196.669264119067,9.02108024129916,7.39559106160755,NA,NA
"437",268,1,3,260,0.666666666666667,0,5.55,1,0,0,0,2376,36.9221668205592,1013.55652986001,2653.38445181345,2.78925026284917,8.20345569806416,212.222289173968,11.6629297652579,9.32123270479233,NA,NA
"438",282,7,1,144,0,0,0.89,1,0,0,0,2550,62.1274561637749,1014.30014211938,2367.94394120342,1.1173234039339,7.34917098177016,194.858603869349,5.46959573997873,4.61700161297311,0,4.12999990768731
"439",282,7,1,144,0,0,0.89,1,0,0,0,2550,62.1274561637749,1014.30014211938,2367.94394120342,1.1173234039339,7.34917098177016,194.858603869349,5.46959573997873,4.61700161297311,0,6.77499984856695
"440",285,6,3,549.333333333333,0.666666666666667,0,6.09333333333333,1,0,0,0,2585,54.468789071982,1013.72891336405,2591.33272133017,1.19427754688228,7.268259484373,200.165352020727,6.01289877432876,5.08164708648127,NA,NA
"441",286,5,49,288.408163265306,0.510204081632653,0,141.06,0.938775510204082,0,0,0.0612244897959184,2596,46.9930781182977,1015.64815336296,2528.42685604539,1.34857072628439,7.4179766092719,185.54479314758,6.43771987663128,5.41264155366317,0,8.08499981928617
"442",286,5,49,288.408163265306,0.510204081632653,0,141.06,0.938775510204082,0,0,0.0612244897959184,2596,46.9930781182977,1015.64815336296,2528.42685604539,1.34857072628439,7.4179766092719,185.54479314758,6.43771987663128,5.41264155366317,0,6.13499986287206
"443",286,7,12,1486.33333333333,0.583333333333333,0,45,1,0,0,0,2598,62.1274586173529,1014.3001399056,2367.94489784412,1.11732254780356,7.3491688931208,194.858614364609,5.46959680251761,4.61700259450035,0,8.08499981928617
"444",286,7,12,1486.33333333333,0.583333333333333,0,45,1,0,0,0,2598,62.1274586173529,1014.3001399056,2367.94489784412,1.11732254780356,7.3491688931208,194.858614364609,5.46959680251761,4.61700259450035,0,6.13499986287206
"445",286,10,24,336.083333333333,0.375,0,104.14,1,0,0,0,2601,56.3739937786876,1015.81594399493,2718.91760708154,1.89698687459602,7.52323374455855,196.669259611159,9.02108025079225,7.39559118982371,0,8.08499981928617
"446",286,10,24,336.083333333333,0.375,0,104.14,1,0,0,0,2601,56.3739937786876,1015.81594399493,2718.91760708154,1.89698687459602,7.52323374455855,196.669259611159,9.02108025079225,7.39559118982371,0,6.13499986287206
"447",286,11,34,223.264705882353,0.529411764705882,0,69.74,1,0,0,0,2602,48.1989141208499,1015.56844473081,2797.82300409535,2.08376509286931,7.44525574289622,210.743190377388,9.8788453748254,7.97266481331115,0,8.08499981928617
"448",286,11,34,223.264705882353,0.529411764705882,0,69.74,1,0,0,0,2602,48.1989141208499,1015.56844473081,2797.82300409535,2.08376509286931,7.44525574289622,210.743190377388,9.8788453748254,7.97266481331115,0,6.13499986287206
"449",286,12,26,220.884615384615,0.384615384615385,0.0384615384615385,64.45,0.961538461538462,0.0384615384615385,0,0,2603,41.9064334578492,1016.20871470662,2759.2953639288,2.23185166889844,7.55489807126574,215.400090904508,10.5360627550661,8.43510219381204,0,8.08499981928617
"450",286,12,26,220.884615384615,0.384615384615385,0.0384615384615385,64.45,0.961538461538462,0.0384615384615385,0,0,2603,41.9064334578492,1016.20871470662,2759.2953639288,2.23185166889844,7.55489807126574,215.400090904508,10.5360627550661,8.43510219381204,0,6.13499986287206
"451",287,6,14,260.857142857143,0.5,0,34.62,1,0,0,0,2609,54.4687923416185,1013.7289127449,2591.33324359217,1.19427713890683,7.26825832481594,200.165367115953,6.01289935296667,5.08164752767787,1,6.18499986175448
"452",287,6,14,260.857142857143,0.5,0,34.62,1,0,0,0,2609,54.4687923416185,1013.7289127449,2591.33324359217,1.19427713890683,7.26825832481594,200.165367115953,6.01289935296667,5.08164752767787,1,8.04999982006848
"453",287,10,1,402,0,0,3.9,1,0,0,0,2613,56.3739916995303,1015.81594503167,2718.91755637544,1.89698648859913,7.52323289588668,196.669257511014,9.02108025521489,7.39559124955709,1,6.18499986175448
"454",287,10,1,402,0,0,3.9,1,0,0,0,2613,56.3739916995303,1015.81594503167,2718.91755637544,1.89698648859913,7.52323289588668,196.669257511014,9.02108025521489,7.39559124955709,1,8.04999982006848
"455",291,1,1,144,1,0,0.83,0,0,0,1,2652,36.9221408929244,1013.55653634845,2653.38426070867,2.78924674594486,8.20344980806239,212.222318932643,11.6629337482455,9.32123556559723,0,6.58499985281378
"456",291,1,1,144,1,0,0.83,0,0,0,1,2652,36.9221408929244,1013.55653634845,2653.38426070867,2.78924674594486,8.20344980806239,212.222318932643,11.6629337482455,9.32123556559723,0,8.21999981626868
"457",305,7,2,1788.5,0,0,15,0.5,0,0,0.5,2826,62.1274605252994,1014.30013818412,2367.94564174514,1.11732188206119,7.34916726894946,194.858622525913,5.46959762876697,4.6170033577536,1,8.23499981593341
"458",305,7,2,1788.5,0,0,15,0.5,0,0,0.5,2826,62.1274605252994,1014.30013818412,2367.94564174514,1.11732188206119,7.34916726894946,194.858622525913,5.46959762876697,4.6170033577536,1,6.06499986443669
"459",306,6,100,1164.3,0.31,0,305.5044,0.96,0,0,0.04,2837,54.4687974516797,1013.72891177724,2591.33405982687,1.1942765012887,7.26825651256326,200.165390708034,6.01290025731037,5.08164821721679,0,8.18499981705099
"460",306,6,100,1164.3,0.31,0,305.5044,0.96,0,0,0.04,2837,54.4687974516797,1013.72891177724,2591.33405982687,1.1942765012887,7.26825651256326,200.165390708034,6.01290025731037,5.08164821721679,0,6.24999986030161
"461",308,4,1,215,1,0,1.18,1,0,0,0,2859,40.19448476039,1014.77900276915,2700.8485711073,1.9215877855279,7.88430684668619,198.728957190868,8.23638125970658,6.79032254822441,NA,NA
"462",308,11,1,148,1,0,0.94,1,0,0,0,2866,48.1988979473999,1015.56844896908,2797.8230688786,2.08376246071713,7.44525026593397,210.743214411217,9.87884641508594,7.97266559809182,NA,NA
